Date;Belgorodskaya_oblast;Bryanskaya_oblast;Vladimirskaya_oblast;Voronezhskaya_oblast;Ivanovskaya_oblast;Kaluzhskaya_oblast;Kostromskaya_oblast;Kurskaya_oblast;Lipetskaya_oblast;Moskovskaya_oblast;Orlovskaya_oblast;Ryazanskaya_oblast;Smolenskaya_oblast;Tambovskaya_oblast;Tverskaya_oblast;Tulskaya_oblast;Yaroslavskaya_oblast;Moskva;Respublica_Kareliya;Respublica_Komi;Arkhangelskaya_oblast;Vologodskaya_oblast;Kaliningradskaya_oblast;Leningradskaya_oblast;Murmanskaya_oblast;Novgorodskaya_oblast;Pskovskaya_oblast;Sankt_Peterburg;Respublica_Adigeya;Respublica_Kalmikiya;Respublica_Krim;Krasnodarskiy_kray;Astrakhanskaya_oblast;Volgogradskaya_oblast;Rostovskaya_oblast;Respublica_Sevastopol;Respublica_Dagestan;Respublica_Ingushetiya;Kabardino_Balkarskaya_respublica;Karachaevo_Cherkesskaya_respublica;Respublica_Severnaya_Osetiya_Alaniya;Chechenskaya_respublica;Stavropolskiy_kray;Respublica_Bashkortostan;Respublica_Mariy_El;Respublica_Mordoviya;Respublica_Tatarstan;Udmurtskaya_resoublica;Chuvashskaya_respublica;Permskiy_kray;Kirovskaya_oblast;Nizhegorodskaya_oblast;Orenburgskaya_oblast;Penzenskaya_oblast;Samarskaya_oblast;Saratovskaya_oblast;Ulyanovskaya_oblast;Kurganskaya_oblast;Sverdlovskaya_oblast;Tumenskaya_oblast;Chelyabinskaya_oblast;Respublica_Altay;Respublica_Buryatiya;Respublica_Tiva;Respublica_Hakasiya;Altayskiy_kray;Chitinskaya_oblast;Krasnoyarskiy_kray;Irkutskaya_oblast;Kemerovskaya_oblast;Novosibirskaya_oblast;Omskaya_oblast;Tomskaya_oblast;Respublica_Saha;Kamchatskaya_oblast;Primorskiy_kray;Habarovskiy_kray;Amurskaya_oblast;Magadanskaya_oblast;Sahalinskaya_oblast;Evreyskaya_avt_oblast;Chukotskiy_avt_okrug
01.01.2015;38,85148024;25,37820406;37,11663783;50,76547916;26,06909709;28,94007899;14,76418934;24,48243529;26,02885862;239,7678123;20,30893975;19,83348631;19,50231253;22,07820598;33,65113291;35,95835973;39,83641268;616,0002319;16,63823674;28,64684292;42,01903366;37,99424067;24,10508217;42,71275879;29,68798027;15,30236461;13,91262215;208,5465868;10,42349147;4,153296978;12,19070822;134,996912;27,1399557;62,89964399;105,3556358;1,719121986;30,94174396;3,967582683;16,04779883;9,589221487;14,61628822;18,86447541;82,34483538;117,5492483;13,77948984;12,7913597;120,5844223;38,99036214;21,52739868;68,94905111;33,0297363;105,3564605;42,29093216;28,09495916;96,60426902;46,14803496;28,69685374;19,3402744;130,2570813;121,3323977;95,03312349;3,91932748;18,65425243;5,170743658;12,52232866;54,75049062;25,64224869;84,55004943;58,89939875;62,59594917;71,01897626;47,21337843;28,44662983;37,89699443;14,61565441;65,1496009;56,56158965;22,16293302;5,761918355;18,89381271;4,519832542;2,521132524
01.02.2015;40,67153293;25,73432716;37,97385122;51,33220895;26,55568515;27,44761469;15,04877242;25,07247714;26,27711184;242,3176893;20,39107779;20,27251649;19,82821876;23,37459266;35,11446324;36,63315922;36,99477599;643,6081362;17,08310994;28,93609597;43,43927392;38,68962744;25,14022808;44,25046274;29,59148506;15,60224712;14,28287292;211,3177644;10,49487401;4,268666365;16,702111;139,5406227;27,63846844;64,77175413;107,8649183;2,428760547;32,37590111;4,166043877;16,4328125;9,8384735;14,72048117;20,39585216;74,95619848;116,4301419;14,41349056;13,02460586;116,6661859;38,99264768;22,22254097;71,24491884;33,33659932;111,4616914;43,13649683;28,49114601;99,67924811;46,80422275;29,37653592;20,00748231;133,194527;125,7888643;97,63970206;4,015470126;19,82331151;5,096964637;13,07918115;56,0937163;26,21110518;86,62524413;60,36816844;63,37725122;71,74814884;47,91990425;28,49994194;38,39387318;14,6750555;67,19675683;57,03970967;22,72899385;5,724375924;18,86494877;4,656919111;2,694558146
01.03.2015;41,47432969;25,4728552;36,93930455;50,72706918;26,16976634;26,04529403;14,74049104;24,42768235;25,81406159;233,8577509;19,77280585;20,48767489;19,30503695;23,7208425;34,47423351;35,71953818;35,07345016;642,145989;16,88261029;28,42407309;41,63054996;37,49296191;24,50944139;43,75552111;29,36553476;16,02525812;14,17131705;208,6257439;10,31287057;4,151720605;18,3361811;140,8983673;26,95682025;64,07652797;105,1918129;2,931196249;32,89381456;4,144402435;16,22223547;9,43292744;14,37118876;20,15799542;70,72833359;112,1232748;13,63171419;12,94036771;112,2139162;37,80863648;21,98715254;70,58019034;32,25380942;110,3260317;43,62669026;28,35052986;97,58384719;45,63573053;28,30819875;19,37401001;131,1623041;126,9968758;96,44968197;3,978371061;19,97277567;5,071630085;12,70078804;54,64706355;25,88840843;85,11773047;60,16547759;62,22971686;67,88818734;46,72337187;27,2385819;37,51024684;14,33375578;66,50753213;54,41389909;22,31085607;5,689043463;18,73960992;4,596572495;2,58332431
01.04.2015;45,53043582;26,92666344;37,6664298;53,42331934;27,30635042;26,18008986;15,22104428;24,88508433;26,95194132;234,1319289;20,13390711;22,49018279;19,6604322;25,65178632;35,225153;36,47306685;35,64143599;677,846734;17,66341659;29,64486781;40,52068618;37,82315555;24,6845703;45,52870349;31,46862769;18,19055302;14,9392266;219,2503467;10,78043398;4,185740924;20,99099518;153,0731939;27,56807735;67,08813283;107,107413;3,911546996;36,0033642;4,349279357;16,94914589;9,223151214;14,81003536;20,51288759;72,19472137;113,4231376;12,79265551;13,74880426;114,9567123;38,63031418;22,9513174;73,87789569;32,59228951;113,7256054;47,98746291;30,24466504;99,80918219;46,83014478;28,05574883;19,31684164;136,4460063;137,6768768;100,5713441;4,188605191;21,32581174;5,511494251;12,66940308;55,57174463;27,10176168;88,16746305;63,99441245;64,75645536;65,00183568;47,79405323;26,83857691;38,56369586;14,83159903;69,68606925;53,36499897;22,98280527;6,161189021;20,1581776;4,783630277;2,467043919
01.05.2015;45,14000933;26,63254488;37,35041331;52,43812874;26,72709957;25,35841959;14,95210952;24,32035136;26,60858543;224,205833;19,58450197;22,63157155;19,07441167;25,18493239;34,15434457;35,47088885;34,7001901;666,6729;17,39585987;29,18401522;38,34100699;36,67510167;23,69173176;44,41948426;31,29363174;18,69582846;14,71661694;215,895448;10,60866398;4,025096057;21,62560499;151,9731786;26,89169315;65,99072832;103,873295;4,354737661;36,00453969;4,287351449;16,61778872;8,722743447;14,47156404;19,81239434;70,61364669;110,4505007;11,9407553;13,59884869;112,8587417;37,85428532;22,38260614;72,453452;31,63786216;109,9004535;48,4521612;29,90292035;97,1382722;45,91845871;26,80157623;18,595239;133,6712418;136,5045662;98,20910435;4,133264586;21,04194364;5,549240764;12,15689089;54,10314492;26,63321309;86,56677914;63,04873931;63,75414829;60,83728382;46,48441145;25,63476497;37,55963032;14,57965139;68,62541199;51,27413656;22,43864987;6,25544518;20,19954023;4,677918355;2,302232837
01.06.2015;43,22647621;26,84649188;40,4604491;51,69475609;26,72843412;25,60661145;15,32378555;25,08359422;27,22789633;220,9365537;19,8426993;22,85985588;19,13066753;23,85831088;34,11947151;35,73341334;34,88269915;662,1236133;17,63330676;29,5866854;38,232081;37,36468327;23,37958486;43,87806954;31,38835449;19,35067976;14,71736226;216,294349;10,69829013;3,989333031;23,02295914;148,6133587;27,32074933;66,43727687;104,1345521;4,995280428;35,84150306;4,349450567;16,56954206;8,590167543;14,57699779;19,74954021;71,38552251;113,2328046;12,22788459;13,60706838;116,1836137;39,08901479;21,92518441;72,26861147;32,23387937;106,8081788;49,37646695;29,64438509;98,04914456;47,24253937;26,91956365;18,91648084;133,9948742;133,4632724;96,9529191;4,169111632;20,79709695;5,679044984;12,20665584;55,19314874;26,69232669;88,2057188;62,06688947;64,93113282;59,98770798;46,66917035;25,75175108;37,56254588;14,87184751;69,29446933;53,10061055;22,61640232;6,642320919;20,69809479;4,653845899;2,273490768
01.07.2015;40,63936829;28,24816249;48,59584952;52,17574059;28,25878369;27,32873628;16,73613881;27,83228943;29,60091356;226,3550157;21,38316095;23,93795068;20,14810725;22,00136062;35,72001536;37,92460269;36,75438999;677,6409827;18,87375197;31,58505913;40,34802628;40,63315045;23,9931645;44,65246035;32,61310067;21,02786861;15,29106168;225,4274593;11,31678682;4,130645761;26,70130852;146,2656667;29,44425689;70,03064241;109,5585149;6,451698594;36,61726328;4,662210654;17,13947683;8,829598155;15,43809886;20,6476683;75,87039082;124,2168276;13,74456718;14,12594181;128,0269592;43,39929751;21,90268413;74,98204339;35,05306333;105,6622735;52,5091341;30,1659961;104,5356807;52,06577298;29,09382821;20,63762299;140,4011502;131,648661;98,65518157;4,40587644;21,07155957;6,093324662;12,97021881;60,05834139;27,87221513;95,42190535;62,322891;69,94601524;62,36547292;49,19428768;27,45614773;39,27064431;16,03842636;73,41425113;59,73356837;24,00064428;7,615897168;22,33832207;4,795512115;2,368840918
01.08.2015;39,15201746;28,42562881;51,4621694;51,83215489;29,95397706;27,81218557;17,1406802;28,78098344;30,36356261;228,0077138;22,10783943;24,00718432;20,36612747;21,06321827;36,16929646;38,44179406;37,14089575;673,1920301;19,33726627;32,03842758;40,84677074;41,65723989;24,11951407;44,51361109;32,73245628;21,29927038;15,3785098;226,601419;11,48958256;4,181908404;28,59142893;142,9791057;30,02786419;70,80284307;110,5076428;7,451031162;36,6158097;4,777223205;17,16878942;8,826128127;15,67693361;20,91434171;76,98322957;127,5067025;14,433631;14,21809225;132,0739657;44,90644776;21,63350561;75,75910499;36,01429419;104,6361827;52,83360158;30,06576634;106,3948886;53,65575609;31,12340874;21,33049334;142,0488769;129,6084508;98,96785472;4,465386402;20,9681125;6,150036767;13,1642826;61,56963495;28,02831045;97,81799253;61,7079205;71,17721742;63,33184362;49,76495288;27,99887261;39,66425942;16,19517181;74,28692943;61,74081976;24,37693157;7,898920451;22,65935339;4,786048149;2,375990509
01.09.2015;39,64529449;27,28001484;48,33257083;51,22047861;34,12284685;27,1488494;16,47970941;27,95299048;29,63168151;229,5446002;22,49618598;23,00609253;19,81651707;21,6456433;35,74819797;37,30506118;36,11549569;646,8832039;19,28828199;30,8908364;39,63943887;40,38871865;24,03082033;43,79181085;31,86851078;19,86477815;15,06680987;220,5237017;11,30264058;4,213671365;29,70958332;139,5112593;29,02145255;68,92111529;106,7899995;8,695825194;36,34558062;4,761623421;16,69307994;8,565481673;15,38611979;20,75067652;74,89430186;122,5737663;14,45442136;14,01817991;128,8133452;43,67126479;21,27436973;75,66979413;35,26593181;105,5196689;49,84657525;29,59213398;104,0031754;51,98993985;35,24693613;21,22257307;140,1211599;129,3432277;99,56036503;4,372343349;20,68277374;5,775131543;12,78082263;59,71576526;27,20318585;95,94510223;60,70575693;68,37895661;63,84907229;48,47379855;27,51092897;38,99604;15,06306033;71,85276327;58,36668163;23,85369103;7,380321177;21,48354011;4,61683519;2,274763189
01.10.2015;43,82452513;26,37990997;43,01165755;53,32493161;43,65279234;27,12363252;15,84236607;27,3468997;29,42773379;244,9795722;24,18154315;22,25019523;19,71768632;24,63061912;36,6195116;36,85460345;35,91255748;632,9015156;20,05936375;30,05427217;39,07952116;39,42991065;25,15626011;44,98494637;31,87957259;17,86750439;15,24743609;220,484687;11,48224097;4,496998137;32,85639493;142,4282892;28,26756129;68,55631746;104,7407408;11,20885312;38,04213648;4,956724934;16,66775503;8,521254371;15,55142652;21,45512282;74,29678491;117,5466373;14,92779013;14,39909104;127,5908086;42,78927124;21,93769495;79,4471645;35,23028229;113,7994425;46,38433131;30,38702719;104,0394636;50,60896801;44,52051158;21,84340337;143,36636;137,6274013;106,2440511;4,403087908;21,37702936;5,29727171;12,61442526;58,47162031;27,01456458;96,31633236;62,49070746;65,86275913;68,11265817;48,2591434;27,79366075;39,64944194;13,52603488;70,36336649;53,67261516;23,95835977;6,583160957;20,13377827;4,538480711;2,195135588
01.11.2015;45,27542686;25,55586032;39,63539937;54,23588917;46,66321057;26,85741596;15,31049011;26,6791772;28,91242293;248,2604117;24,47645785;21,63541502;19,43939747;25,70377511;36,23954804;36,22211163;35,44161333;620,117837;20,1186488;29,22973131;38,1018623;38,07228029;25,29443385;45,16369128;31,46626418;16,56546494;15,11098045;218,6353454;11,4108791;4,568011983;34,08152913;142,528257;27,41849018;67,26820157;102,3695131;11,99528058;38,70345583;5,013338139;16,45443803;8,400838765;15,42155215;21,43953815;72,92247456;113,194334;14,83881003;14,46240361;125,9341249;41,62428798;22,04367009;79,98880298;34,68520507;115,3569427;44,13729434;30,32813759;102,5106021;48,96889331;47,29113212;21,78244584;142,8064302;140,133988;107,2922322;4,359313844;21,486898;4,982356018;12,35565965;56,93527712;26,64220106;95,01117183;62,45747609;63,72223695;69,28755086;47,37485584;27,54153282;39,36576226;12,71557969;68,2321817;50,85253687;23,69996333;6,120366225;19,26061048;4,441313837;2,145510857
01.12.2015;46,6769587;26,19344583;40,19800238;58,34296417;44,60821164;28,20336032;15,77665005;27,60161764;29,85130664;253,2611836;24,60829474;22,46760849;20,20322938;26,27884935;36,25447838;37,72705447;37,04069755;647,8389151;20,63917516;30,13053738;38,61964607;37,88980209;25,84600362;47,39910004;32,51532;16,66235529;15,52719288;230,0253586;11,77985805;4,707555922;36,1067941;148,9560974;27,92550748;68,64651354;105,6483023;11,48279838;41,36892654;5,303354435;17,06443747;8,724855883;15,92397412;21,8822046;74,92988309;115,692484;14,95109944;15,21839937;132,8429078;42,45852349;22,99841892;81,81423011;35,68739474;115,4074931;45,65922552;31,14104138;105,3259716;49,52407706;44,89108194;22,30221247;146,7275693;145,6984688;107,8166215;4,503171475;22,42931929;5,07481234;12,72626058;58,29430643;27,80051968;97,54466329;64,1185011;65,61821851;71,88157901;48,36029767;28,48153814;40,40620622;13,54598973;68,51333045;53,23487459;24,54632672;6,367331161;20,04834046;4,577953216;2,283348139
01.01.2016;43,26396051;24,84204954;38,46321224;59,39943562;33,44172149;27,80839461;15,16394201;26,63169543;28,59843761;232,0774961;21,80700405;21,83344167;19,53848998;23,72324958;32,26484231;36,7277004;36,25288154;634,9371966;19,21657511;28,92317703;35,66085848;33,73030415;23,82499196;46,30849341;31,10326629;15,59750203;14,63712692;227,2934848;11,19230384;4,407498814;35,42599854;144,5398444;26,16569913;64,0102102;101,0954795;8,657552398;41,65279433;5,241130713;16,43430965;8,432286958;15,13240821;20,19783661;70,90227797;109,6497367;13,47622534;14,93798761;132,1542124;39,82850918;22,13874602;75,59887375;33,85797669;101,0222064;44,67768665;29,17699323;99,47240766;45,75984501;33,12409965;20,76911615;137,7478872;138,3542071;95,50845673;4,287945243;21,71043983;4,831611867;12,12831521;55,0810438;27,09595606;91,97622608;59,95737916;62,92424924;68,1949937;45,10807106;27,30285295;37,95448968;14,115082;62,06768934;53,38603649;23,54356209;6,377997316;19,76878105;4,364807332;2,323420464
01.02.2016;43,49905374;25,26894313;39,45959225;62,20225026;29,32746198;28,83251779;15,54295326;27,38286608;29,40856007;232,4386346;21,35473979;22,41237602;20,04806725;23,34981422;31,99921655;37,8624804;37,53729465;655,5046788;19,25338022;29,7821789;35,88044519;33,16786854;23,7846204;47,72537248;31,93012575;15,86091092;14,89148038;235,4509004;11,40267357;4,468024818;36,58932955;148,7353855;26,60661837;64,42746639;103,0045519;7,653068306;43,56535837;5,40784194;16,89215134;8,677123913;15,34492717;20,19388613;71,88660034;112,0213302;13,36809325;15,39780243;136,7419552;40,41100444;22,50457831;75,77534076;34,50315456;98,644493;46,46255907;29,54255987;100,8305862;46,17610153;28,76946063;20,88735633;139,2552334;139,9173595;93,54964224;4,357359906;22,44313068;4,93132318;12,37565078;56,08090104;27,89349583;93,32002807;60,530769;64,39520102;69,49599306;45,39258346;28,25551381;38,5010591;15,07822967;61,59425467;55,77716867;24,10636311;6,679119204;20,49329451;4,437638813;2,437350203
01.03.2016;44,1551643;25,4965185;40,13436187;62,44686786;28,48182452;29,31406576;15,7578969;27,94741264;30,40783154;236,9462857;21,33766719;22,42886935;20,25365591;23,02991907;33,15225611;38,46684499;38,39930175;662,0749226;19,03134865;30,78876661;36,51161821;33,09099215;23,64349273;48,29448014;32,91852137;16,23574425;15,23344662;237,8298644;11,59219645;4,58694731;37,1852181;151,2205321;27,39737738;64,91780075;103,1139002;7,548418945;44,38416899;5,39059101;17,30487638;8,868789425;15,28597484;20,13299641;72,00390378;114,8645566;13,52380596;15,44956562;135,6803289;41,20201903;22,15954342;76,23048388;35,11487526;99,97162718;48,19983072;30,04751927;101,3424468;47,34346162;28,06052971;20,92216044;140,3138016;138,6190386;93,5952289;4,358909372;23,33011817;4,985324015;12,5403309;57,1826324;28,13557082;94,43805281;61,15105971;65,12746042;71,0192023;45,37615215;29,90232671;39,26129806;15,58421399;61,57099034;56,41098831;24,51389604;6,810479137;20,70906128;4,430730244;2,460074097
01.04.2016;44,44016868;25,20742635;40,04696951;60,03041497;28,49527336;29,12994215;15,66241513;28,13352951;31,37916038;241,1479103;21,1440142;21,65195213;19,9918545;22,12227434;35,04864448;38,29903696;38,60644761;651,1969312;18,12830342;31,71192421;36,97206651;32,53244256;22,85806011;47,74392493;33,80575247;16,48372548;15,4645036;233,3923677;11,66130317;4,71260956;37,03343882;150,8131894;28,22213337;65,14777655;100,2588743;7,74679454;44,14453516;5,151031268;17,55925224;8,946303388;14,71856774;19,59110205;70,12083809;116,9549562;13,62981795;14,96606978;127,8272019;41,66271971;20,78479882;75,53787018;35,31938134;102,0929919;49,90339172;30,23994665;99,48401465;48,49760683;28,49717359;20,46084391;138,7735557;132,1156465;92,94874163;4,229468576;24,28687892;4,939505912;12,47501278;57,70097224;27,60196351;94,03580227;60,85906145;64,37881439;71,9934388;44,22497282;32,15073362;39,75956092;15,7477297;60,49092747;55,15618948;24,54632509;6,765327147;20,27791964;4,28027508;2,400840642
01.05.2016;44,01575371;24,95219983;39,57263513;58,1177771;28,59686696;28,77559372;15,51045768;28,0453603;31,46771472;240,7646177;21,03045645;21,10196344;19,77453513;21,62046614;35,76466376;37,94554535;38,12943023;643,6563966;17,53191813;31,70381586;37,04872042;32,12195527;22,28269013;47,25262682;33,83134223;16,39001792;15,37170922;229,7711888;11,70516149;4,746370944;36,64078107;148,9463614;28,38110227;67,41403715;98,78655923;7,831755544;43,69844428;5,002683318;17,55866558;8,905219784;14,34208615;19,2281735;68,59394655;116,7755853;13,6014061;14,57542408;122,5616141;41,59178172;20,04953806;74,79639919;35,21871593;102,6634853;50,57932328;29,98564743;97,81582267;48,53668781;28,79791408;20,01131373;137,1173437;127,9825909;92,431786;4,132319559;24,4721175;4,903843742;12,32957466;57,45920428;27,12683153;93,14668406;60,28703614;63,33755834;71,73879129;43,41896563;32,73766697;39,78872304;15,60399259;59,73620877;54,05610213;24,39033537;6,681674;19,81629975;4,177216677;2,380987469
01.06.2016;43,57975391;25,51193281;39,57262339;57,73892366;29,42953161;28,97262912;15,75748621;28,5712862;31,3574573;241,0976727;21,67850362;21,2849345;20,23081739;22,06080643;36,4488969;38,51803553;37,51255418;661,3349696;17,53489992;31,32309429;37,95931018;32,70325839;22,37403235;48,3934757;33,74008134;16,24376339;15,21319252;233,8854227;12,22070104;4,840815306;36,95049958;148,8257817;28,6493893;78,21080421;102,3225112;7,965295147;44,38924355;5,075534755;17,84862235;8,980544798;14,49158959;19,55138887;68,89774116;117,2089115;13,81361231;14,56003948;121,7031703;42,16676104;20,52749983;76,0336504;35,8771948;104,5181427;52,42979747;29,85246851;98,67276565;48,52514653;29,60447227;19,87763476;138,9589661;128,9472765;94,78832596;4,159080835;24,48896314;5,051217928;12,39608485;57,98112751;27,41939044;94,1788926;61,00430334;63,30894963;71,90642125;44,10340396;32,34546349;40,61378449;15,49782579;61,01243328;54,49528193;24,74605439;6,733666254;19,69074451;4,221061983;2,517815126
01.07.2016;41,357836;25,95626811;38,44293135;56,04192536;30,00470471;28,5464108;15,83631783;28,77296069;29,92668666;233,7524105;22,34765028;21,2576546;20,60000449;22,44235853;36,22655201;38,61820607;35,05955936;679,1997929;17,25518535;29,3675965;38,49821549;33,01060788;22,1922971;49,47196581;32,33573093;15,39365905;14,37366257;236,7364275;12,85126807;4,854210615;36,5165042;144,4928181;28,10013302;96,86346783;107,0969324;7,92894331;44,63801214;5,133384449;17,86453622;8,843831646;14,50948967;19,77310516;68,02534887;114,2297444;13,80529577;14,23085722;118,4670989;41,94217505;21,27058173;76,33015759;36,02290271;104,225734;54,37511111;28,6483704;97,95233646;46,7497109;29,99090703;19,11500989;138,8921606;128,9290951;96,59597097;4,124078056;23,53697385;5,205476503;12,18598572;57,26279154;27,3673461;93,50928445;60,7184549;61,59504868;69,8410022;44,47914125;30,05785121;40,94180391;14,82290063;62,01111389;54,14028955;24,72439155;6,641573073;19,01561701;4,222737208;2,73113978
01.08.2016;40,08875567;25,94539305;37,58618898;55,05182462;29,96590278;28,00087923;15,79502976;28,69244581;28,84763407;229,3420003;22,45796871;21,15569138;20,52996244;22,30282949;35,788562;38,41179361;33,37538198;678,0296215;17,03674882;28,05816774;38,31207134;32,91454345;22,27728785;49,71713071;31,36556036;14,81976295;13,8200437;236,6804598;12,95472146;4,81668617;35,93619138;141,6591926;27,50034249;102,8203491;108,3273794;7,939035564;44,56748486;5,112134398;17,77226314;8,682845446;14,41248907;19,7987768;67,31554948;112,2104477;13,729137;13,9649517;116,0108723;41,43806648;21,57614292;75,62863686;35,58074978;102,5591902;55,29478649;27,84584471;96,85709195;45,48176801;29,81787034;18,56291038;137,6660784;128,6327235;96,23514788;4,078631646;22,78324641;5,217864905;11,99823317;56,66187387;27,1794076;92,25380835;60,143379;60,2989709;68,18316979;44,38646336;28,73474771;40,7501306;14,39910388;62,04473028;53,49248372;24,49465034;6,48930201;18,6403003;4,189792271;2,791922165
01.09.2016;41,73917183;26,65073694;38,62890223;57,47310608;30,65025362;28,38431305;16,45150625;29,76577275;29,1177743;239,957141;23,02935063;22,04635085;20,79788039;22,3859662;36,83736241;39,74967478;33,3412577;681,0350786;17,69956556;28,32960848;39,00330194;33,9605715;24,24273509;51,69295422;32,15413591;15,07484366;14,07819105;245,3249326;12,99507131;4,949610352;36,65349465;147,2872314;27,90855106;98,04886774;110,7603851;8,56972444;46,48678117;5,214524562;18,491503;8,845455979;14,84665884;20,6672663;70,13757123;116,9650035;14,31866553;14,35506636;118,8251807;42,48494004;22,63200488;77,01115814;35,81361049;103,0940268;58,84156604;28,65678639;99,67917117;46,66888973;30,3463039;18,9284906;141,3411617;134,7668468;97,4549346;4,213249676;23,03824492;5,300431106;12,38452332;59,13544201;28,15246523;94,23843742;62,11940976;62,03002378;69,73889044;45,9819283;29,67195089;41,93312553;14,88327226;64,18435626;54,77407093;25,13676317;6,456574616;19,52138958;4,305559678;2,799675107
01.10.2016;43,39496322;26,45183887;38,90908038;59,50722441;30,17458029;27,75472474;16,83528;30,19105239;28,47919969;249,7643153;22,71261329;22,59913064;20,04319356;21,23253175;37,00821086;40,17430528;32,03814773;643,8715606;18,14055362;27,85266755;38,1366521;34,07243204;26,83299277;52,48219067;32,3612885;14,99447441;14,06697583;248,1006721;12,18321173;4,93888859;36,16698781;151,7032056;27,32984886;78,00131107;108,1171467;9,390374505;47,57593971;5,103413416;18,9111095;8,724546722;14,88276149;21,18455756;72,08459367;121,1010154;14,74586614;14,42677424;118,4570257;42,34935928;23,27718012;75,55582519;34,32561301;98,60738139;62,24925919;29,03064932;99,89042889;46,94726245;29,62820656;18,82935187;140,8527103;139,1085849;94,12449631;4,270088577;22,51341929;5,133233756;12,53103423;60,98290603;28,51639107;93,21147272;62,7496979;62,50278747;69,51608095;46,51398714;30,50767341;41,89559659;15,2325994;64,83004017;54,34683311;25,02859687;6,057708653;20,36920788;4,298374219;2,59541143
01.11.2016;44,41907325;26,28875127;39,17205924;60,40093767;29,8684238;27,67604739;17,00520676;30,27813729;28,34316628;253,747819;22,50045285;22,83720161;19,56430071;20,7914412;37,09515375;40,27143098;31,42333317;624,3840254;18,45678553;27,74766771;37,81627611;34,04766071;27,8874608;52,73852509;32,55696134;15,02891858;14,16553539;248,8088042;11,75543978;4,923991988;35,93494158;154,3200325;27,03445516;67,59960432;106,4583668;9,799403586;47,70989577;5,027082991;19,09602305;8,6881495;14,90565221;21,36927399;72,92619485;123,8210788;15,03211736;14,49394833;118,0582134;42,42528506;23,55025379;75,22655674;33,81456058;96,5650069;63,79713084;29,27827747;99,73813997;47,09450666;29,20060233;18,88124691;140,5175551;139,9358371;92,78090317;4,33724978;22,21239802;5,055763118;12,61338828;61,71587308;28,58448941;92,86294695;63,13466868;62,77350568;69,33514459;46,7249932;30,82208396;41,80959616;15,48666367;65,62969332;54,07012116;24,94067979;5,882441222;20,76108004;4,301646719;2,470937048
01.12.2016;46,00776022;26,5133516;40,26871396;61,24427365;30,07728716;29,03958786;17,27666596;30,41273446;29,35530967;255,5151064;22,67986474;23,15944801;19,44966416;21,56333308;37,72749036;40,59201869;31,7807297;628,3374821;19,17858653;28,52417193;38,83442495;34,36684467;27,78691502;53,29855645;33,39838727;15,50211108;14,74371465;251,1257274;11,80167119;4,971917229;36,51256946;158,8797273;27,34541106;65,84121292;107,0257936;10,08232436;47,07130205;5,027615275;19,37478158;8,899463091;15,18742343;21,53577027;73,91721206;128,8291726;15,60960948;14,87055431;119,1370456;43,66535594;23,91692839;77,8480402;35,09648847;98,35388028;64,85779445;29,95941202;100,4329639;47,84698265;29,34637386;19,52374599;142,4952301;137,7817856;95,2882122;4,568950854;22,30050945;5,155448875;12,87381095;62,21793285;28,69085342;94,90395491;64,51913961;63,93915479;70,00790878;47,43635107;30,86219635;42,30028236;16,04651132;68,80208367;54,69307493;25,21601999;6,020990475;21,06015527;4,405920931;2,415118009
01.01.2017;51,50745675;28,58225059;44,76976996;66,14866669;32,33858279;33,97402083;18,7391514;32,36179394;33,35862555;271,1969442;24,43587965;25,00070452;20,55533311;24,80426319;41,1423242;43,46637857;34,71968988;684,0195234;21,65756908;31,87866714;43,49540659;36,97836508;28,41914707;57,30413565;37,00687898;17,39629822;16,79132245;269,6572175;12,7945544;5,361280203;39,96687703;176,3681267;29,68825416;71,65170801;115,2117784;11,0545347;47,96069401;5,353453012;20,92450082;9,87619098;16,63337808;22,95693139;79,72260031;145,6681781;17,56848582;16,5294019;128,46425;48,80641909;25,89655042;88,19879377;40,23516067;108,9935311;69,80918904;32,93580554;107,4884371;52,06160959;31,49152326;21,99769054;154,858298;139,7160754;107,0025588;5,310759033;23,87438195;5,711475061;14,12012101;66,22553497;30,44594297;104,8954592;70,86274816;69,89513569;75,26898111;51,53029438;32,3425961;45,79130883;18,0139298;79,41648747;59,25415773;27,24420739;6,778219909;22,628514;4,888796658;2,493550851
01.02.2017;47,18015477;25,86430262;40,85995017;60,31445072;29,08430566;32,29378124;16,96454415;29,17574029;30,8863779;243,6823478;22,01950013;22,53674786;18,51046832;23,13921893;37,25991169;39,1165368;31,76043885;623,8964193;19,84161754;29,20602194;40,00882204;33,36101825;24,94502931;51,58234969;33,80407491;15,97351935;15,48065911;243,0058455;11,56883214;4,846303432;36,39681917;161,1432449;26,85192466;65,30381565;104,2016831;10,08743615;41,85663695;4,831154587;18,8084881;9,000943718;15,08877485;20,55304389;72,05138501;134,0676817;16,01015014;15,21280383;116,6140688;44,68030332;23,39207005;81,09476155;37,27830749;99,72372343;62,59150881;29,83261176;96,57955015;47,20933513;28,30164093;20,17764682;140,0665798;122,3557741;98,32525875;4,949824447;21,50751612;5,222996795;12,84737353;59,21044058;27,29053739;95,65972991;64,1867328;63,47000523;67,43782568;46,70413787;28,62433654;41,48618563;16,44742901;73,91309733;53,6616785;24,56709968;6,27531471;20,32262438;4,48856384;2,214493622
01.03.2017;47,02457116;26,20039518;40,61084228;63,04937209;28,90520529;34,20463707;17,06944318;29,89213743;31,14464705;248,1622239;21,97393374;22,50784574;19,06451334;23,47633673;37,14826855;39,36085529;32,72471847;638,0189697;19,48190231;29,11503858;40,30079537;33,56890602;25,09150135;51,72798449;33,86916682;15,9571539;15,33271399;244,5442489;11,53299287;4,892831124;36,78660629;161,3441591;26,80169913;65,37935808;105,5403859;10,31884571;41,18164656;4,957603518;18,5530983;8,899724891;15,00665088;20,47623862;72,8467235;133,7277987;15,47217157;15,59174785;119,580555;44,43518418;23,46403966;80,03238941;37,06839486;100,1926523;61,62435361;29,3696989;96,61384654;47,48723901;28,14069427;19,93221287;139,7048622;123,314583;98,17630572;4,94194174;21,68951012;5,238622367;12,91021657;58,80565388;27,49910753;95,52167104;63,22018687;63,72691188;66,1814443;47,06615281;28,26428953;41,9497989;16,11309868;74,18261784;54,05021146;24,47313766;6,407624257;20,21333643;4,575212906;2,252579657
01.04.2017;44,16795083;25,59667873;38,06629855;65,69077123;27,22748638;35,5024844;16,45907551;29,95867716;29,78066718;246,1723413;20,8749865;21,42225862;19,34019484;22,64935193;35,1358703;38,10152635;32,97821115;633,1812845;17,71097792;27,33590111;38,5718887;32,4350913;24,69470126;49,98354763;32,20960098;15,02877857;14,15983462;236,5516332;10,92897489;4,75618111;35,71696414;153,2879431;25,41610503;61,92011572;103,2130382;10,28056279;38,65259391;4,995794689;17,20634224;8,229259768;14,07993905;19,49121238;71,10494018;125,4432273;13,57145194;15,47425065;119,6087314;41,54582912;22,59913036;73,36036541;34,35816115;95,80017771;56,96819602;27,04957147;92,40725334;45,70876348;26,5603345;18,3207996;132,2713432;121,6052054;92,33454279;4,611945225;21,07224777;4,984046939;12,38017616;55,52124252;26,73968783;90,24811178;58,18483594;61,18063346;60,88872769;45,55740516;26,70816228;40,85695606;14,62356739;70,01693462;52,17586856;23,1453944;6,290627811;19,12422;4,505393727;2,245596958
01.05.2017;46,25863723;27,22693088;40,15753169;73,14599501;28,54021244;38,36475799;17,44830234;32,28161089;31,36788125;263,8951035;22,0175601;22,60802972;21,07354048;23,97138547;36,99028844;40,56344574;35,84754496;680,4673879;18,32764205;28,61406791;40,62505024;34,45642715;26,750035;54,11009518;33,93124722;15,73608277;14,75553312;251,6245735;11,59808706;5,06880871;38,1054399;161,6071022;26,76968769;65,14548948;110,2870454;11,13801072;40,58350255;5,451291365;17,90913341;8,549690884;14,68046101;20,68522501;76,10454602;131,1630633;13,7131205;16,5939065;128,7185047;43,47749953;24,26951296;76,00772868;35,63492859;101,4986524;59,05642989;28,23106323;97,71748811;48,3967053;27,92782434;18,94999895;139,1076354;130,8074076;96,76401317;4,806195326;22,46709215;5,238441579;13,08871886;58,25897436;28,48017862;94,79506613;60,36874291;65,12168498;63,53295507;48,58496387;28,74756726;43,56101736;15,1952698;73,16783489;55,23791599;24,3247546;6,721393786;20,16862209;4,848513248;2,434419475
01.06.2017;46,80334205;27,13101058;41,8575103;77,66306265;28,72277326;36,74167748;17,57328468;32,31031265;31,3965069;263,4375379;22,35951974;22,91121327;21,56955967;24,05210058;37,58925297;41,20569941;36,87293308;686,4670846;18,84347889;28,88614986;40,56778983;34,82110666;28,07440826;58,60429176;34,26807701;15,81876344;15,11950929;255,1724848;12,10746215;5,135514002;38,89045766;163,9484539;27,14333977;66,00344523;111,6946677;11,53155138;41,23359741;5,67985102;18,06336218;8,635784659;14,59791477;21,38215463;77,69617033;132,1107322;13,82423948;16,63052704;128,814781;44,19446719;25,66167907;77,34630715;35,65457754;103,8344125;58,88116377;29,22953393;98,82377863;48,73798937;28,32636102;19,04647662;140,5280017;133,5906245;97,84985105;4,838525448;22,81024946;5,236696438;13,18764223;58,50892235;28,72148279;95,85420626;61,18861664;67,16931091;65,70931229;49,74011644;31,62343069;44,04167637;15,89828907;72,78214964;55,24313961;24,54873828;6,785226798;20,60254567;4,987434327;2,512481569
01.07.2017;45,23634002;25,11349674;42,69790253;79,63207495;27,3994554;30,57934407;16,67964944;29,96800961;29,52355917;243,6265267;21,69456964;22,0924887;20,86722443;22,64238472;36,48823475;39,73530764;36,15820616;647,9337718;18,90429435;27,74321847;37,99604152;33,21726708;28,6362162;63,3169924;32,84902174;15,06375155;15,00110933;245,3251722;12,3559512;4,924557882;37,85317354;158,4947976;26,27251841;63,72126964;106,8899952;11,4845992;40,14829321;5,70505393;17,37688225;8,352291525;13,61141406;21,39434195;75,33499664;126,3118308;13,49651885;15,52254345;119,638451;43,06838776;26,58687692;76,03659113;33,799558;102,0249398;55,2145341;29,67889241;94,7208516;46,38300573;27,39958269;18,26398643;134,8547209;130,103263;94,24946579;4,636481227;21,95717739;4,909944566;12,54812439;55,44843031;27,24960891;92,34032246;59,71055945;66,8236683;66,50622922;48,71323252;35,2092246;41,99021028;16,43930381;67,7550218;51,68846226;23,51891173;6,45984545;20,21123943;4,900213936;2,47805979
01.08.2017;46,17756112;24,996975;44,33209367;81,63233867;27,71327617;28,49628497;16,79610478;29,80587661;29,60617143;242,085186;22,20125047;22,43583909;21,16370349;22,58839485;37,11031648;40,31556934;37,11027277;646,6117286;19,50849201;28,06287715;38,18077132;33,41669864;29,76013532;67,09672086;33,27779029;15,20433299;15,36333209;248,6414858;12,85451013;4,990012442;38,61637237;160,8758311;26,85572518;64,66720552;108,2735344;11,89442726;41,26931289;5,921364879;17,64110974;8,527095275;13,62423206;22,05528903;76,07285834;127,3283846;13,756819;15,50101277;119,3880339;43,86346784;27,52832194;78,00436064;34,04478847;104,816577;54,84774515;31,0681885;95,76178822;47,09988184;27,81428949;18,52841155;136,5953504;134,6114819;95,41837707;4,696225948;22,26854619;4,898645104;12,65242417;55,66918279;27,3945717;93,99956509;61,42771418;68,6710017;69,31059237;49,78240329;37,8791414;42,28077642;17,11074268;67,3841321;51,7335054;23,81602359;6,552711158;20,71375523;4,980413363;2,534685994
01.09.2017;48,47381989;25,89330781;45,27097354;78,98246743;28,77659982;28,66053143;17,32661917;30,70878405;30,57571195;249,933485;23,38619766;23,21478399;21,76102103;22,82560885;38,1369447;41,6287381;38,91645605;652,6399638;19,97873658;28,78326989;40,0200434;34,07421999;30,58392346;67,73038668;34,46622222;15,71266492;15,59648052;257,1178218;13,23875717;5,177714671;40,04579629;165,3937875;28,28583766;66,55809002;112,6743134;12,57200805;44,02720592;6,226882907;18,27484148;8,929856193;14,17049456;22,66458423;76,42476187;129,8295676;14,05237468;16,00600448;124,1564602;44,97954387;27,14149279;80,86993915;35,11000725;109,8173943;54,73906402;32,93773885;98,50492403;49,89011447;28,58159045;19,23252946;141,1193219;147,1399293;97,65927588;4,85535013;23,12410245;4,987707801;13,05754517;56,87285234;28,15756457;98,24475911;65,20018773;70,43497225;72,63724586;51,40749655;38,68631644;43,31903826;17,20588662;68,56001249;53,56433714;24,64853122;6,913581797;21,55492324;5,011096115;2,601079931
01.10.2017;48,3248812;25,50227957;42,18047092;65,10730931;28,2106992;27,5401433;16,78630206;29,90294432;29,80189589;244,8440316;23,44170909;22,53218728;20,88067202;21,29223911;36,44354402;40,28047807;38,56392627;607,4025949;18,81688182;27,50752965;40,12000049;32,30116612;28,83910599;60,70180848;33,56247778;15,28015877;14,49019447;249,8017422;12,57027405;5,060129617;38,97188894;158,5290133;28,36733034;63,91069827;110,8401842;12,61540347;45,34915263;6,181393082;17,78433522;8,849700857;14,01715918;21,49968818;69,90983371;122,5867384;13,27506426;15,61025659;122,8656433;42,78222898;23,34356698;78,3903921;33,9615624;108,9531389;49,75914245;33,04903534;94,69291293;50,7390611;27,38530718;18,79917886;136,7624091;157,5102175;92,79524726;4,709287605;22,8063855;4,733361142;12,66053706;54,09998717;27,16290323;97,20848749;66,1718998;66,66902263;71,33942744;49,54738069;35,26999344;41,44566836;15,447163;64,94319652;52,50652926;23,97472733;6,97632232;21,12283437;4,577625697;2,475938196
01.11.2017;49,75150919;26,23697738;41,97078242;60,41894886;28,88250272;27,95904847;17,04978994;30,51076982;30,51633918;251,6069753;24,16048084;22,91059016;21,14781364;21,352008;36,75513776;40,97692569;39,33446201;608,6243257;18,92296938;27,87528147;41,46835535;32,73338565;28,66897476;58,86163176;34,18160035;15,62590962;14,54230016;254,9519122;12,6741879;5,156071264;39,69884159;160,6687686;29,26301127;64,69498597;113,3975473;12,99509486;47,98013419;6,344234586;18,12530573;9,060217261;14,42181803;21,59281412;69,49077123;123,0330928;13,47798781;15,90035194;125,7915508;43,17552026;22,30648331;79,7498674;34,43718414;112,6592343;49,30839383;34,02091987;95,95862397;52,57058405;27,81990528;19,20137305;139,1577707;167,1072656;93,56010118;4,785751856;23,93433811;4,798403844;12,89308253;54,64672926;27,74483452;99,67924817;68,64751935;66,92280181;72,67444456;50,26491812;34,33082281;42,09513315;15,06776;65,36789924;53,7715222;24,41992617;7,184692121;21,75035613;4,528611679;2,505503222
01.12.2017;47,50320856;25,46649538;39,90194656;56,84970481;27,77393985;26,63313949;16,22630887;29,25681518;29,64318816;245,0592611;22,95572713;21,86186605;20,28398673;20,76132653;34,97128297;39,38138119;36,62143349;591,7789546;18,36494063;26,98491913;39,71060262;32,13262106;26,50589185;54,86856737;32,61862718;15,16411568;14,3244231;246,2649486;12,23839856;4,900109637;37,98653452;154,8775794;27,8821335;61,92399508;108,0797825;12,31050292;48,17235542;6,045425089;17,36443572;8,559374845;13,90319493;20,53199541;67,88798056;117,3851916;13,41973817;15,10382205;118,7336339;41,56962755;21,37862332;76,53169325;32,67180044;110,2307465;48,05856361;32,24555597;91,89550642;49,65472867;27,08175932;18,44236855;133,4918638;159,3584757;89,85335458;4,562318884;24,88630517;4,706112655;12,39427893;52,64922941;27,19382995;94,94712418;65,5636919;63,71669651;68,72608112;48,2083335;31,37986877;41,01032784;14,29459509;62,49595508;51,7281601;23,35759088;6,719773395;21,47214313;4,360769429;2,432218135
01.01.2018;49,14232263;27,34583586;41,75847211;60,79386965;29,26729488;27,57082775;16,78938756;30,74141253;31,92162312;264,5367899;23,48289889;22,76502683;21,39169498;22,68219356;36,33905481;41,60969144;36,00294871;645,2607798;19,98380464;28,98947884;41,19555508;35,49488745;26,04887274;55,87297237;33,93988328;16,28139115;16,00806066;262,4840091;13,14261695;5,056831185;39,74890599;164,993599;28,7061251;65,1560368;111,784755;12,50770502;54,52432872;6,245531312;18,20094484;8,68779843;14,71049538;21,35953175;75,08246375;123,112414;15,19155638;15,54976993;120,1863813;44,31312172;23,28841098;80,60357679;33,62908085;119,4608087;52,93010852;32,91338192;96,54412944;49,94736684;29,41184642;19,49223823;140,5554305;161,5619714;95,34045189;4,743954016;29,94717942;5,196247637;13,1120646;56,10650846;29,84606891;97,96984992;67,66474957;66,43774064;70,34364104;50,83833168;30,42240632;44,61826202;15,07500721;65,58190652;54,61199882;24,41535845;6,639034472;23,89130562;4,697819121;2,627573233
01.02.2018;48,93494293;27,94714034;42,04978389;62,57727471;29,44169963;27,50165488;16,73250485;31,05656441;32,52625118;268,9860785;23,26400655;22,83360171;21,55768504;23,39727784;36,36858058;41,96977215;35,01927115;660,0905765;20,60725644;29,41889988;40,92938639;36,46226235;25,35361932;55,58170427;34,03542582;16,47196538;16,50922559;265,7464009;13,40271405;5,06769059;39,93789965;167,0171149;28,59685169;65,96959311;111,463873;12,3184375;56,75938653;6,235513016;18,27129325;8,608507209;14,90206671;21,37951705;77,38087773;124,103341;15,65372013;15,50424946;118,8543817;44,98402987;23,95190866;81,09302474;33,49964219;120,5314899;54,31668547;32,79223955;97,06742688;48,98475336;30,06275547;19,90247648;141,8105171;158,4955846;96,66335579;4,760748384;31,42932691;5,365420068;13,29353823;56,78509385;30,62741576;97,60294813;67,51510766;66,4265665;70,65183954;51,3645234;29,33214357;45,68403346;15,28169353;65,71065864;55,24062636;24,50935289;6,477888302;24,90319864;4,787159992;2,664414142
01.03.2018;49,15805633;28,91581922;42,8558268;66,00374417;29,66052338;27,70562742;16,79850496;32,02924989;33,13313807;270,4045661;23,36258225;23,21839515;21,80111299;24,24944165;36,79414466;42,44856099;35,40009121;665,7086491;21,47141442;29,55521377;40,52450595;36,58152513;25,61215536;56,67143492;34,64003244;16,40389581;16,46342432;268,6291433;13,70932446;5,224189073;40,56386177;168,951436;28,99603018;68,21095897;112,3818848;12,25993444;57,8426548;6,334697918;18,42194301;8,780366729;15,31966121;21,58002856;78,22667126;126,715169;15,24333384;15,77037367;121,0426713;45,85490771;24,52237687;81,71823511;33,92111046;116,6954691;54,3574776;33,75931503;97,97521986;48,98227987;30,45642606;21,05133535;144,6429182;156,6491466;98,8755725;4,870523673;29,84368425;5,493244495;13,68280513;57,26559872;30,96288611;98,52893548;68,64045567;66,4365411;74,43216439;52,47259801;29,23362985;46,47082382;15,70418042;65,68937442;56,62232252;24,84996373;6,57662087;26,17270463;4,845341254;2,638164192
01.04.2018;47,88555092;29,40820419;42,57840046;69,37339001;28,82936837;27,06427837;16,28170408;32,72695039;32,77960354;259,7439506;22,72035083;23,03034209;21,3344746;24,61429295;36,19412475;41,4925109;35,28065895;642,6950085;22,01146387;28,39840893;38,23484672;34,82747145;25,49057136;56,71694308;34,42532485;15,52000617;15,42585402;261,970365;13,62864612;5,330001121;40,17363299;165,4571398;28,70398571;69,70620907;109,9868573;11,75327069;56,60037757;6,296495953;17,94557519;8,828245956;15,4721849;21,12615777;75,50100393;126,3831563;13,52905282;15,74474148;121,5962163;45,43118872;24,33623257;79,43732668;33,52626339;103,2652878;51,40784533;34,38855361;95,60178301;47,58519084;29,65390049;22,31102645;144,1378419;148,2468993;98,72797294;4,903458303;24,48372945;5,441586742;13,82894985;55,56570451;29,9603366;96,70278654;68,31142928;63,75342249;78,88586988;52,36627076;28,37935575;45,64225921;15,80174303;63,21135801;56,82861204;24,52108061;6,610028332;27,27791999;4,716580332;2,450384586
01.05.2018;49,16298671;30,38469894;43,58616982;72,98954736;29,31821135;27,63834444;16,51815351;34,47898836;33,73631493;261,3962822;23,02221461;23,5940401;21,75746392;25,38900008;37,09147639;42,15363707;36,27174924;652,4066074;22,74864055;28,67052224;38,44327218;35,04511566;26,27726638;58,39258378;35,29015362;15,64657482;15,39258521;266,521107;13,92533202;5,529638171;41,35957521;170,15877;29,3769174;72,59624519;112,3722387;11,89559555;57,69507377;6,485475321;18,23874083;9,122888001;16,01245911;21,61537956;76,30354572;129,7783396;13,15165399;16,31813219;126,0688893;46,54835357;24,99830504;80,72198609;34,46464814;99,50072693;51,35855448;35,41645515;97,33805548;48,55680613;30,03317822;23,35653908;148,6339844;148,7964039;101,5344897;5,101257014;22,46805193;5,564182467;14,26538739;56,40405635;30,28003729;98,83436612;70,2048242;64,42722897;82,53138398;53,87223094;28,80902248;46,57191929;16,25193999;64,98245127;58,45859845;25,1625144;6,845434793;28,79017022;4,787637237;2,415584077
01.06.2018;51,06894779;30,08354937;43,30940161;73,37673957;29,5431115;28,00595768;16,55765201;36,37502259;34,51494337;259,4418315;22,78895937;23,56762542;21,89414225;25,09081288;37,63975213;41,88113531;36,28816259;664,906677;22,27504373;28,74809909;39,14187012;35,36744737;26,642892;58,45528592;35,22495659;16,04342618;15,54347536;268,1754517;13,73727285;5,516057126;42,22782739;176,5320388;29,3007347;73,38620465;113,7115823;12,03955717;58,2042188;6,587194443;18,26167186;9,197025009;16,12253754;21,98321972;76,297415;129,7260068;13,37795412;16,81390044;128,5825828;46,69381687;25,30529649;81,03845986;35,08879317;97,99918407;51,10340392;34,38694055;97,8290766;49,45538493;29,79241336;22,67036465;151,1425184;149,2214369;101,9254269;5,266394527;21,94287819;5,557169359;14,18233049;56,68199193;30,13282629;99,58538914;70,49210357;64,85470771;79,76690054;54,14998437;28,74559493;46,77835386;16,10166293;69,37644707;58,16140117;25,5295334;6,942430891;29,7762339;4,795662126;2,356154253
01.07.2018;52,96909439;28,15910677;41,07484262;70,22553328;28,97489812;27,71512411;16,08139662;38,34409388;34,69024862;248,7518507;21,52611724;22,59386184;21,37290484;23,41176902;37,30180406;39,85485974;34,87517717;672,5266289;20,35155257;28,04181211;39,47397087;35,04035077;26,31891707;56,12810091;33,72400199;16,36956595;15,53505603;263,2522005;12,82310538;5,231274708;42,28693801;182,3688974;28,00736777;71,46215048;112,2515228;11,95246683;57,15902885;6,526845454;17,68639661;8,975269522;15,62007277;21,88762263;73,85525635;124,5972452;13,71348946;17,06002054;127,8194597;45,18399877;24,941396;78,7990911;34,98287478;94,33127279;49,43207788;30,7744706;95,35753793;49,52916701;28,38588006;20,072138;150,0033258;145,7973948;98,64545329;5,366134018;21,46487461;5,343142134;13,41716142;55,36204897;28,89980964;97,34480055;68,1855903;63,71390668;69,94637393;52,5018148;27,65560684;45,53324442;15,14621101;75,71672167;55,15664382;25,27000041;6,840885298;30,28664908;4,667430663;2,192670863
01.08.2018;53,39597715;27,08960385;39,80402577;67,87298498;28,51353274;27,36338831;15,76812936;38,7301353;34,42063345;245,2542107;20,75905888;21,99599807;20,96550193;22,47647431;36,86815368;38,60851421;34,1820364;684,199112;19,41432791;27,60209924;39,44538555;34,73707844;26,16287428;54,61570744;32,87409157;16,36557927;15,60726749;262,5665111;12,28516995;5,049541421;42,01644351;182,885924;27,21752417;69,75565133;110,9204188;11,86591042;56,1751029;6,464544631;17,34151716;8,894936788;15,21288578;21,62908063;72,07333152;121,985502;13,7855073;16,95057987;126,0372886;44,1774241;24,61033965;76,94474038;34,77832296;91,93946466;48,7797114;28,85399894;93,56414929;49,38726678;27,75336506;18,66013902;148,4732247;143,1759645;96,66022338;5,378080536;21,33458989;5,235399049;13,00624923;54,46002273;28,19406152;95,55002576;66,56263598;62,86896923;64,85218238;51,36555572;27,12815238;44,74482113;14,65495831;78,05746624;53,40405385;24,94915219;6,777852384;30,4216087;4,631219303;2,109951761
01.09.2018;53,14276357;27,18790256;39,97489859;66,62655681;28,50157152;27,2896195;15,82534778;37,89384705;34,04307525;256,9999023;20,59129454;22,03200478;20,89399701;22,50191655;36,83857812;38,42071912;35,01455294;733,5752451;19,77603264;27,85636199;39,74151249;35,01289889;26,86087934;54,51270682;33,19118615;16,20306163;16,27298077;275,4961651;12,172902;5,01015376;42,02842391;179,6262129;27,22870408;68,69598188;111,4536959;11,97175537;55,77698019;6,518633612;17,49565417;9,235262765;14,97974485;21,44487636;71,35290161;124,4582604;13,76283948;16,57947227;124,2869398;44,20282403;24,68797433;75,85652037;35,16157475;91,11434679;50,42208862;28,69231795;93,5706888;50,08645897;28,53467068;18,41155243;148,813366;142,8380158;97,60344312;5,403532169;21,90319607;5,342235334;13,15651989;54,76522331;28,38445786;95,25402103;66,40712573;63,29933482;64,73333006;51,37931082;27,79866511;45,1254055;14,86747923;77,96972175;53,48039113;24,87350104;6,915444104;30,94756796;4,847541424;2,125632031
01.10.2018;50,7115014;27,21674695;39,84889387;63,4602395;27,86241698;26,53609286;15,64862145;34,69191735;32,35687966;276,4918756;20,04216615;21,77980509;20,34684353;22,41293396;35,93701865;37,54345864;36,17435461;810,2383583;20,4731016;27,77788281;39,17783626;34,69049733;27,57919987;53,56730163;33,36766451;15,38942022;17,15773462;294,8666428;11,87155601;4,888247985;40,87227023;166,8452936;26,88417164;65,33458164;110,0289647;11,83297385;53,84393061;6,478100819;17,48969112;9,72746162;14,25883297;20,63539964;68,57090511;127,4802501;13,27199625;15,32970425;117,8978954;43,48609707;24,33137114;72,33729059;35,03803552;88,22198387;52,8062452;28,55398867;91,78690552;50,19866935;29,69985466;18,11239272;145,8493378;139,4404281;97,87092637;5,282551396;22,48783222;5,468128022;13,31588134;54,26406158;28,32256034;92,78091678;65,21997224;62,84094326;65,48485224;50,51978935;28,77450987;45,01144028;15,14001555;74,02183362;52,98093975;24,14415146;7,039500544;30,99248783;5,196198998;2,137696977
01.11.2018;48,23126754;26,75497899;38,92479012;61,25170811;26,91698581;25,69438309;15,23203883;32,2151137;30,8512306;278,8911822;19,40158428;21,18518456;19,67935906;21,92565365;34,79789072;36,32871984;35,95523457;820,4837238;20,30672873;27,0299384;37,97120668;33,68014259;27,02232481;52,18056832;32,75694919;14,75087853;17,09701457;294,6183981;11,51543703;4,764192489;39,16743821;156,9368387;26,17429903;62,43934616;106,9890723;11,32716513;51,96825118;6,320127813;17,08787088;9,683910426;13,63207851;20,08696821;65,65686738;125,846177;12,82372178;14,36626591;112,6765082;42,18671862;23,7198232;69,46238055;34,12932644;86,38350261;52,72269788;27,93037686;89,01858367;49,16956282;29,52777901;17,61615957;140,8467299;135,5158088;95,95461511;5,075051828;22,23047219;5,38890383;13,09454638;52,79504229;27,6568016;89,6965294;63,99647953;61,40255514;64,83077882;49,06434167;28,79858042;43,8984611;14,88685711;69,98980066;51,48815425;23,27238851;6,925009171;29,93856543;5,256827317;2,091593651
01.12.2018;48,01724951;27,38534952;39,28103306;64,17862388;27,05790453;26,39440363;15,41739381;31,83140215;31,18541687;278,8504974;19,77324318;21,37264033;20,01637984;22,24373837;35,45429331;36,68548225;36,4031364;802,5178257;20,24554798;26,9254491;38,17714828;33,68890544;26,24510683;53,53309861;33,22179348;15,24268164;16,93275099;286,9435144;11,76531054;4,953191528;38,61496952;158,0929215;26,56625668;63,44403285;108,314748;10,74162318;53,37567053;6,400272437;17,17607995;9,555612365;13,84823082;21,3693854;65,88583381;126,0374285;13,27740877;14,3836575;115,3284076;42,53371721;24,29911533;71,58843393;34,20402539;92,71375634;53,07979339;28,2471979;90,2175787;49,85393408;29,51971285;17,78712274;140,8180947;139,7165199;97,27564315;5,004127598;22,35846499;5,376242578;13,17747196;53,1655648;27,87395402;91,00715677;67,47483459;62,69382609;66,61479399;49,7167129;29,81061503;44,04985694;14,85621878;69,07210671;51,49041378;23,51849906;6,93875853;28,77096057;5,357509828;2,092032909
01.01.2019;49,42559968;29,25546011;40,99911839;72,27947866;28,16974737;28,7932355;16,21534065;32,6624005;33,07871986;279,6826094;21,17065781;22,33262114;21,34873763;23,43035874;37,89672768;38,5011748;37,85602267;768,479284;20,39033895;27,41209895;39,80108697;34,63281493;25,1825734;57,84462103;34,97513155;16,81986531;16,78402655;273,1127359;12,63495326;5,48424386;38,79578032;167,9045439;28,11826629;67,92648627;114,0540965;9,820028571;58,18398394;6,726679634;17,73479228;9,400788393;14,82511665;24,64368329;68,76856314;128,6464861;14,65274045;15,12087833;125,3887743;44,44172521;26,12801063;78,76969658;35,2235642;108,4111707;54,39206485;29,51482055;95,33867004;52,48411582;29,8540369;18,58717358;145,0366978;152,6151275;102,239726;5,014617206;23,02776006;5,460922468;13,60432833;55,34827397;29,06056056;96,5369445;76,37680452;67,05043927;71,6045546;52,42857614;32,26072062;45,43947625;15,16476452;70,09233104;52,80031117;24,78244642;7,120658577;27,04844442;5,598803827;2,148041206
01.02.2019;49,42033931;29,62782538;41,37715014;74,63214141;28,33280665;29,9584775;16,38874583;32,52943487;33,56275386;273,831692;21,66746431;22,50837238;21,7648245;23,68856928;38,57092435;38,85016887;37,93605678;747,908915;20,14723821;27,35543613;40,36275135;34,6610807;24,52003274;59,25476174;35,52857896;17,29603154;16,45711706;261,9759543;12,91788981;5,660853122;38,5262418;170,8370705;28,59103427;69,32355164;115,3382162;9,158880861;60,15306768;6,779415828;17,65400531;9,20062571;15,15839965;25,66289578;69,60129737;128,097574;15,07575566;15,33934519;129,1170622;44,74976687;26,54316781;81,83732253;35,2112831;113,9390798;54,00855197;29,62147248;96,63136437;53,12043995;29,44550083;18,69860489;145,2923461;156,9765682;103,2510056;4,947063701;23,05038344;5,47010574;13,59195826;55,67814356;29,42872176;97,95699373;79,28795696;68,47028381;73,37960118;52,92702065;32,76050881;45,45378352;15,39101864;69,75064645;52,6205941;25,05434356;7,16065756;25,69717585;5,62324704;2,174890268
01.03.2019;49,4338619;29,25927258;41,97023265;72,60873852;28,46154511;31,55725549;16,48660189;32,08892759;33,65441122;267,6870004;22,1472136;22,66083048;22,06239061;23,85133439;38,71708632;38,96508074;37,76341115;781,1953024;20,3721294;27,80934572;41,76626073;34,97488525;25,42333843;59,92015161;36,41286891;17,08830859;16,48806593;261,9019024;13,09077061;5,659740601;39,28860646;172,4492195;29,11311798;70,00433366;115,9598126;8,866938834;61,94231498;6,758222402;17,31434136;9,294939726;15,4173173;24,83265086;71,1666695;128,7102606;14,93860688;15,58414918;131,3618978;44,85543116;26,19195703;84,50739042;35,24562046;112,0379875;53,33551995;29,3876679;97,39385915;53,69702654;29,02955097;18,69366215;146,4804847;158,2527826;103,7717804;4,941435206;23,26717999;5,674544421;13,54237438;56,02468614;30,30359466;98,4829763;78,23563924;69,63645278;75,35200138;52,71611104;32,04910942;45,52019807;16,57368928;70,16785932;52,52618015;25,11140145;7,397673014;25,21570341;5,609487268;2,301283336
01.04.2019;49,12881178;28,04306883;42,69962882;66,57898651;28,44385449;34,05000104;16,4768248;30,95996649;33,29535492;257,0468198;22,71063743;22,72149137;22,28615055;23,95004902;38,3555331;38,73456374;37,02734222;858,1444569;21,24268808;28,63559046;44,20315538;35,38529448;27,51237193;60,13139293;37,72183022;16,23930063;16,60723142;266,325632;13,19824203;5,51893183;40,78258652;172,809099;29,75231482;70,13476964;115,6037473;8,525997867;64,12897535;6,637731936;16,5026709;9,550790837;15,65858987;22,2877537;73,47405341;129,3937324;14,28860386;15,86932803;132,8857321;44,53267461;24,99166632;87,78095673;35,0240315;104,1227711;51,67022615;28,65207555;97,55440515;54,2161373;28,13744531;18,48307483;147,7526857;157,3678811;103,547194;4,924780717;23,58805525;6,073889221;13,34637926;56,18497536;31,75071995;98,08644239;73,8220707;70,83240806;78,45496;51,55349049;30,03945028;45,33274042;18,83918065;70,61891575;52,11883225;24,89142745;7,838249265;24,70730222;5,520044794;2,544664907
01.05.2019;49,17546217;27,44074076;42,92893221;64,27063148;28,46783941;34,96544178;16,45972335;30,50736045;33,03769185;255,8222329;22,86849958;22,73766984;22,31357543;24,20082605;38,12947382;38,64499418;36,48955634;891,3149721;22,94274664;29,10264942;45,46055615;35,61617409;28,38513825;60,19630197;38,2354333;15,80930402;16,62176129;269,2995542;13,20637192;5,451396116;41,5225643;172,6527776;30,01273328;70,10480799;115,0051902;8,358983333;64,75165166;6,5932385;16,13000201;9,69508123;15,72423519;21,03697003;74,37232611;129,6355236;13,9485152;16,02336862;132,7705073;44,22836001;24,3488805;88,80850713;34,7854436;100,4389067;50,68821815;28,43478148;97,47510816;54,51069027;27,65684413;18,37958028;148,2408533;156,6979288;103,3022548;4,907129578;23,83968188;6,276117773;13,25770654;56,29200545;32,38418619;97,86588301;71,77161821;71,29320749;81,05884889;50,86535195;29,13938296;45,28615293;19,77454956;70,63437754;52,21702584;24,77880005;8,061642832;24,4196832;5,446450114;2,667324019
01.06.2019;50,23547806;27,61582528;42,77552862;67,26455203;28,81152968;34,25739882;16,5425347;31,0680358;33,0313384;271,4708663;22,63912431;22,89819443;22,24894999;25,15119403;38,28101114;39,0544446;36,02695033;880,6245589;27,88964164;29,58058672;46,12736163;35,99375105;27,91314438;60,68915419;38,06848548;15,90473468;16,5171299;272,5911192;13,1723748;5,514885606;41,83764907;172,9532278;30,10129449;70,41557168;114,3038367;8,35026182;63,85802463;6,704293795;16,25301622;9,802385821;15,67084785;21,25994433;74,23371973;130,020167;13,99875636;16,22528643;131,0492118;43,99310474;24,33052833;87,81428648;34,52250769;102,3999411;50,2597639;29,16608503;97,71639834;55,11584617;27,55007375;18,54916984;148,898849;157,2849197;103,5628846;4,896996099;24,35029742;6,355567179;13,36980455;56,82084098;32,42394904;98,61868818;72,99113456;71,55613472;86,14696074;50,78438332;29,6746531;45,75562616;19,33222044;70,2887912;53,65354948;24,97705915;8,163398326;24,19868123;5,364915827;2,708513853
01.07.2019;52,06835681;28,14101313;42,00040993;74,2771588;29,3390358;32,02860786;16,60963435;32,3165408;32,99322448;302,8773089;21,89192471;23,14110663;22,02181792;26,79362721;38,47385934;39,74265303;35,09170459;836,6885676;37,00009787;30,18291738;46,46533412;36,43653928;26,14792592;61,36224424;37,0923726;16,24243009;16,17176473;275,7310508;13,02137058;5,652158313;41,80269795;172,4773433;29,95602064;70,61832265;112,3852118;8,435914619;61,32124578;6,932567653;16,52344754;9,865293678;15,39682746;22,34583365;73,0782781;129,7168878;14,20144252;16,45278722;126,8737369;43,36863384;24,50202098;84,76461162;33,89538306;107,9368218;49,5315051;30,63127389;97,64180465;55,83070711;27,33523363;18,91518395;149,2254292;157,6044732;103,482129;4,85832271;25,08060534;6,367319765;13,57280184;57,48240616;31,97983491;99,69370582;76,29614445;71,4510288;94,94306865;50,65758368;31,12546919;46,45904651;17,75136313;69,06904102;56,22643446;25,32720774;8,200697304;23,65997345;5,192559571;2,707945899
01.08.2019;53,0361993;28,56385568;41,72628419;77,33071459;29,75366918;31,08118523;16,70032795;33,16113707;33,31553263;317,5715045;21,55597699;23,58527635;22,25359455;27,4601186;38,75186005;40,37111723;34,84855317;831,211415;40,53439571;30,76721063;46,55434096;36,87403866;25,18557672;62,14683423;36,51859543;16,48702548;16,11551392;278,3063209;13,04990575;5,744913153;41,96849059;172,8801668;30,0551259;71,00548606;112,0855956;8,803922863;60,7509812;7,118818385;16,47880191;9,897939303;15,26562059;23,16250927;73,2936124;129,9870397;14,36516613;16,60479528;126,336903;43,32236978;24,77800929;84,26704555;33,91048874;110,9448922;49,47267283;31,45234586;98,15363246;56,30236922;27,21978941;19,43032475;150,8432585;157,5598026;103,7302313;4,89343143;25,38571931;6,392399131;13,76919678;58,02319922;32,03137319;100,7200945;78,37378392;71,92034646;99,38094142;50,89785606;32,03400766;47,01549084;17,07831311;68,89738278;57,55190386;25,73227351;8,25160701;23,44334228;5,131128302;2,70947067
01.09.2019;51,66968211;28,21905548;40,7578322;73,30746931;29,41923295;30,62628284;16,3775362;33,00061023;33,49671022;306,0992593;20,94915886;24,09596755;22,82401311;26,16332385;38,18002906;40,18819395;34,40722466;867,0726055;36,32978701;30,95225365;44,96128073;36,57982245;24,05807678;61,97612031;35,01406456;16,21842284;16,01271245;274,0132008;13,01344836;5,653849649;41,40947849;169,6461394;29,75470156;69,79376043;110,7870344;9,767546084;61,25362712;7,184237745;15,21301151;9,609394548;14,8118841;23,35846759;74,02502544;127,4570037;14,11781057;16,26152552;127,7393699;42,82706146;24,62259075;85,21920622;33,97008646;108,0709308;48,87192868;30,88192121;97,01524722;55,0166058;26,40573774;20,08422769;151,6064077;151,7944323;101,3923465;4,938460534;24,45735591;6,290774545;13,69726922;57,01445978;32,07069888;99,38012815;77,41455696;71,61327469;97,33842956;50,27401803;31,73407894;46,31575153;16,97354151;68,22168529;56,09211281;25,8048517;8,141026616;22,8096678;5,030427684;2,652178367
01.10.2019;49,10301063;27,73025896;39,54612842;64,28465006;28,9735716;30,70320095;15,91688909;32,7630008;34,22153464;279,0325815;20,21259356;25,323265;24,2205678;23,53825155;37,46771216;40,08418176;34,15764001;956,4203895;26,1716879;31,46941631;42,38669;36,32011187;22,71066865;62,30864425;32,84114101;15,79885011;16,09101815;268,3401411;13,13605412;5,505663417;40,82924483;165,4583756;29,55069439;68,17426237;110,1844711;11,74100028;63,51349494;7,342010017;12,83072733;9,151300854;14,25459309;23,63704387;76,72064044;124,2354428;13,75994624;15,7442429;132,9482779;42,49831757;24,53001045;88,6586296;34,61106375;101,8692113;48,50504608;29,75477959;95,87020935;52,98032258;25,5540253;21,46020167;154,7011251;142,7362055;97,9840093;5,092764426;22,80607354;6,174746368;13,66779984;55,53442867;32,61403688;97,62226742;75,41761744;71,83290599;91,98967197;49,60242714;31,17441116;45,27038118;17,43844639;67,99161185;53,2518443;26,16531598;8,014835676;21,994461;4,930691424;2,58919801
01.11.2019;48,37524043;27,88608434;39,45951711;60,37378731;29,11029061;31,14229248;15,88560331;33,1323475;34,93257092;268,8953119;20,14347317;26,24417436;25,05173217;22,60945394;37,65051484;40,41528456;34,45533925;1000,097923;21,25969096;31,87704035;41,82830748;36,61458235;22,62673524;63,57641963;32,49252957;15,85818322;16,33787589;269,4478656;13,36812597;5,508469154;41,01930167;165,6482526;29,78364707;68,21342588;111,8216236;12,83269979;65,05810428;7,524720869;11,85416708;9,055715612;14,42522791;23,91819391;79,16554943;124,6860624;13,84349272;15,73869625;136,8552461;42,8519228;24,77515018;90,69560352;35,27997686;99,33821874;49,21614273;29,60797143;96,30859992;52,67785364;26,67265804;22,25720788;157,7555477;141,8912966;97,48171067;5,227207569;22,46001342;6,20606822;13,8413592;55,48337843;33,1308306;97,94486203;75,10523936;72,6391041;89,42802056;49,77177904;31,48306128;45,21454238;17,97136903;68,67412087;52,57131239;26,69275025;8,03763438;21,97280741;4,938154438;2,629660636
01.12.2019;48,26642136;28,1980025;39,56236122;59,49361014;29,27412285;31,16975028;15,93397384;33,68208198;34,87913766;270,1018173;20,31783307;26,50810727;24,65876913;22,91794724;38,05350297;40,2167535;34,52202886;959,9615899;20,30261899;31,20259946;42,5140522;36,69174936;23,61905801;65,20396236;33,6148832;16,19756961;16,42759605;272,7401086;13,46695468;5,565180446;41,03413436;166,7731446;29,7651757;68,40674442;114,3628064;12,97657128;63,98661797;7,654964497;11,90339448;9,134385066;15,43963477;23,62958518;80,1926855;126,9183519;14,24827033;15,99783309;136,4541141;42,95646371;24,85950475;88,2525799;35,17093746;97,2550458;50,47614947;29,91532772;95,97474906;52,98056638;31,34687125;21,93348544;157,2859662;149,0675237;97,53846148;5,248481346;23,1964367;6,272968824;14,00425853;55,65583665;32,70085372;98,35389479;74,72595969;72,23958648;85,92248974;49,5499308;32,48119696;45,00719019;18,30362456;68,71397979;53,04299651;26,99894624;8,014281357;22,39333784;4,924400324;2,787947869
01.01.2020;48,63157802;28,80616011;39,93745612;60,09436123;29,70741121;31,00861541;16,12604045;34,76433621;34,47997587;280,8301734;20,83251084;26,67404846;23,45748753;24,18793289;38,91959458;39,77293857;34,59647723;852,107825;21,1352708;29,69101561;44,34579955;36,82021745;25,773423;68,08943846;36,27003639;16,92725418;16,52701134;280,0658004;13,59484479;5,706421431;41,08544514;169,4335519;29,68930983;69,04410438;119,1545405;12,75781318;61,09062745;7,875455714;12,6060363;9,39208112;17,47601648;23,06271539;81,0579679;131,7742666;15,10799033;16,6027115;133,9249313;43,14184865;24,99538158;82,28417402;34,70165086;95,27328466;52,84564879;30,7407281;95,39007647;53,95525476;40,47781819;20,89244539;155,1728477;165,191044;98,28004223;5,245676592;25,01042068;6,420911889;14,32069034;56,27151602;31,63427619;99,52836836;74,69965198;71,1839806;80,3315117;49,22650005;34,54940058;44,76289508;18,75117096;68,64497289;54,66915848;27,49152115;7,986903146;23,36371979;4,906076752;3,107559195
01.02.2020;49,30930924;29,13782875;40,43302617;61,19414104;30,36145941;30,99473404;16,42259043;35,57772983;34,49583945;293,4903651;21,43420126;27,01264394;23,02432203;25,12687461;39,63452311;39,91797843;34,88742364;796,9785879;21,93936214;29,2426427;45,4659858;37,18428831;26,94778571;69,80634401;37,92126508;17,39499314;16,68891385;286,2394227;13,77477449;5,835083794;41,41765422;171,6925224;29,87255943;70,01695586;122,3968676;12,80437594;60,17028688;8,10114204;13,17926982;9,633727805;18,45323642;23,28884812;81,3756835;135,2360714;15,66830987;17,04699972;133,768877;43,65665555;25,2842765;80,02850828;34,78314919;97,2384922;54,25789641;31,35821315;96,01807459;54,87473821;44,65332393;20,5111917;155,3608353;174,8120245;99,58555629;5,311119977;26,10596802;6,559246703;14,65350258;57,16250725;31,4101927;101,4262166;76,33847282;71,18881303;78,38158296;49,70786196;35,88379749;45,03771992;19,10358773;69,18185676;56,15207664;28,08083862;8,064806179;24,06024587;4,939063084;3,289022903
01.03.2020;50,21654957;28,77544603;40,87391115;62,55023622;31,53265441;30,70465768;16,90574176;36,10936112;34,69784589;315,9230036;22,48574711;27,62649184;23,19037544;25,81574984;40,06446637;40,55062124;35,26235439;769,5211114;22,40957751;29,73853058;45,68318517;37,675933;27,10432923;69,98619775;38,73611177;17,53688841;16,84600277;291,368656;14,01399694;5,966520126;41,80134521;172,2866767;30,17134067;71,25145224;124,1045317;13,31842804;60,91178198;8,450477919;13,7467387;9,906812361;18,18602275;24,79928458;79,77445671;137,3206377;15,97259807;17,33420809;135,6723344;44,51461085;25,69677869;80,84364784;35,3770145;106,0904786;54,43662633;31,71648678;97,68709907;55,54565976;43,44396433;20,6380668;157,3374679;179,2852418;101,2676824;5,490541919;26,4718264;6,700493952;15,10874521;58,35977481;31,97523524;104,7274811;81,16596087;71,82940234;79,12199114;51,21952996;36,60635669;45,659876;19,34604473;70,14508657;57,72757977;29,00085587;8,262631753;24,51915962;5,007028181;3,348752126
01.04.2020;46,91575806;25,19810197;37,62454607;58,58399859;30,50301642;27,27368609;16,1139535;33,3103939;31,80496817;323,3185434;22,24609754;26,05988372;21,55732637;24,19274144;36,72461023;37,89103801;32,55840626;672,071808;20,74497176;28,14792201;41,51459951;34,8988212;24,33409421;62,78495502;35,85392475;15,8954264;15,48487253;270,6259151;13,08756282;5,599525213;38,38856614;156,0328142;27,82034805;66,40994874;114,0756217;13,11597451;57,11586523;8,235147357;13,27669751;9,389697961;15,40978872;25,33431212;68,9733714;126,765258;14,75110349;16,0263154;126,6739431;41,73071933;23,93228665;75,98853666;33,18456269;112,1219591;48,87279501;29,28483156;91,39074507;51,12578005;34,67230279;19,15630544;146,3380882;166,102771;94,29032253;5,300398338;24,07136906;6,268340969;14,40617988;54,70801;30,25080645;100,3420835;82,02123931;66,2848019;74,19037109;49,10117442;33,82115031;42,43129683;17,78894684;65,15893325;54,54444998;27,77295941;7,830236439;22,72883336;4,653831607;3,047667251
01.05.2020;47,54554481;24,82064678;37,82469655;59,08440615;31,24574154;27,06461796;16,4691027;33,42486555;31,86756894;338,731564;23,46085684;26,44883888;21,76948786;24,36272452;36,71449495;38,34285714;32,88803018;662,2979875;21,0388396;28,69774699;42,47639408;35,17172002;24,43007776;62,04710093;36,17238163;15,77427972;15,55547842;272,4942421;13,2877743;5,688537135;38,38678311;155,7241991;27,9989091;66,99339935;114,4092818;13,72628067;57,94365435;8,504622235;13,69836261;9,580682403;14,74287136;26,65754949;67,34560004;127,7910668;14,7509321;16,10848044;127,933261;42,25981381;24,16811026;77,16817598;33,68407847;118,2273251;48,33133138;30,06414317;92,43501342;51,33726478;31,73639626;19,37783369;147,8957987;166,8285692;95,13906298;5,460301307;23,86659597;6,322071951;14,68839955;55,31765655;30,9997987;102,5581992;85,30731664;66,63803972;75,79883142;50,21416208;33,78702135;42,86043747;17,74507097;65,80359693;55,25757592;28,3728606;7,968820027;22,83937212;4,709143897;3,008831348
01.06.2020;48,22684479;25,5177673;38,20225622;58,69831887;31,07681867;27,74556605;16,66615076;33,414749;31,98787982;335,1899221;25,037963;26,49038417;21,86349472;24,04059017;36,57723876;38,57024351;33,58591993;675,3275533;21,81922091;28,97504901;46,99307457;35,4253384;25,78811395;61,70920928;36,83466711;15,62216978;15,70052666;272,6896989;13,57599319;5,786800096;38,08225199;157,788741;28,27272859;67,01718632;115,0415878;14,35020465;58,31909166;8,627161349;14,06677822;9,735470073;14,57754837;26,82308872;68,50315807;129,972342;14,57146674;16,16014349;127,824054;42,45715761;24,31453364;77,50392791;34,05633222;113,7128389;48,13923116;32,58478795;92,65066818;51,67099896;30,39168266;19,62863252;149,2665998;166,7332019;95,52764021;5,561230114;23,46391012;6,286496555;14,70980241;55,25975853;31,95317626;102,7985307;83,58705132;66,87396085;78,28050662;50,32785891;33,1520164;43,26921021;17,43096804;66,48441067;54,97372836;28,41010407;7,998179078;22,77733423;4,789755451;2,910438032
01.07.2020;50,94571821;28,14319771;40,15331654;59,67489808;31,27458524;30,23296379;17,45013659;34,38370079;33,2913967;328,507084;28,49996463;27,19222075;22,63253473;23,99718953;37,41774644;40,00889247;35,95400175;729,2444395;24,0352211;30,18798257;58,16185858;36,94358777;29,52268381;63,45837545;39,34217629;15,85099643;16,48958205;280,8851546;14,53344152;6,149140932;38,58257867;167,8600294;29,66630387;68,87786379;120,0280189;15,85773699;60,44184178;9,022357099;15,04393733;10,28418441;15,08843912;27,26664846;74,16854641;138,3656779;14,69263036;16,75753711;130,8728358;43,96273259;25,30535908;79,91823455;35,67064071;103,7195725;49,64836003;38,61055569;95,4235552;53,98565809;30,18860386;20,63972637;156,0759701;171,2982952;99,15611818;5,865067571;23,44815134;6,386944675;15,05326074;56,52528883;34,59753556;105,3373374;80,52336206;69,34153936;85,17389341;51,52594428;32,80852936;45,27721555;17,32702335;69,79264465;55,81504663;29,04120494;8,234930745;23,30735184;5,095183882;2,814983077
01.08.2020;51,91379719;29,37902874;40,78359468;60,34032302;31,05379785;31,15290256;17,72657932;34,48236139;33,83033589;318,6046614;29,49428565;27,23727464;22,8039123;23,69025712;37,37243255;40,24729846;36,61440715;747,8381294;24,73478895;30,52398731;63,90981695;37,30037645;30,93453435;64,03044114;40,29390036;15,79019523;16,75606216;282,513915;14,87601913;6,303253699;38,34057156;172,272767;30,05456031;69,14504181;121,6100278;16,5242213;60,73066286;9,13032434;15,20183307;10,46461633;15,25801297;27,13587324;76,36216626;141,1392691;14,75898044;16,92584637;131,0494887;44,34621123;25,64370404;80,17419869;36,12568291;97,03459622;50,17859827;40,77223322;95,71910247;54,76868489;29,99407964;20,85416331;157,8027013;170,9691963;100,6791247;5,941306853;23,19156824;6,401266408;15,02682002;56,52562022;35,44676056;105,495447;77,93803664;70,02333844;87,43346335;51,54818776;32,20426055;45,76318521;17,13370152;70,96252598;56,02885508;29,00400504;8,260468356;23,33104278;5,220319981;2,753680947
01.09.2020;52,24700176;30,00596981;40,85381157;63,15129402;30,98656885;30,91319348;17,93311054;34,17086466;34,54964054;306,439858;27,81238091;27,03655042;22,78780039;23,41411993;36,83212842;39,81856048;35,87020755;739,4256392;24,02228618;30,59978119;66,80143887;37,0455145;30,20990843;64,90538456;40,52284972;15,62647337;16,83698053;282,7921724;14,88070652;6,424531674;37,73601222;175,6132886;29,90299211;69,00907018;122,2307158;16,83705019;59,93288055;9,133288305;14,49564997;10,48296199;15,33130935;26,90040207;76,1981321;140,5292283;15,28075556;17,00463092;130,4804566;44,49944448;25,93952012;79,40996773;36,06250232;94,81443606;50,91814343;38,94673962;94,90164129;55,20041599;30,16871848;20,46896133;156,888516;166,7069532;103,089852;5,873761409;22,97980357;6,487581202;14,81196778;56,08632818;34,92702022;105,1110467;77,04191199;70,31449998;86,03963634;51,23723633;31,61519769;45,37085541;17,16220083;71,58587033;57,23721628;28,71390666;8,20249789;23,2017537;5,298253759;2,788356781
01.10.2020;54,76924058;31,99947793;42,47461714;71,75290771;32,36747297;31,23602479;19,03605716;34,95997739;37,35904178;299,5487401;24,83349976;27,78792272;23,67746004;24,03409129;37,31862572;40,53243797;35,47231856;743,1738387;23,14079532;31,9536411;72,84247531;37,94353255;29,16474781;69,36920016;42,29396992;15,99690853;17,61462644;295,1327797;15,36388757;6,890603282;38,23552152;188,2252008;30,68800078;71,65275088;128,1441992;17,90710653;60,7187871;9,492292841;13,51678676;10,89231874;16,06082361;27,69444187;77,94160123;143,9005664;17,06627625;17,8413315;134,9907532;46,61452122;27,5567636;81,1679611;37,2860047;98,17202265;54,49054873;35,47057132;97,20545381;58,16519826;31,92950033;20,422795;160,9413148;165,0167525;112,1157364;5,948473738;23,68268482;6,959121281;15,02494108;57,64292778;34,88142135;108,9259266;80,08335462;73,70889191;85,57808153;52,85907545;32,08110661;46,26968891;18,09995449;75,4913497;62,33114141;29,3968013;8,430600586;23,94299106;5,635019151;3,022659261
01.11.2020;55,82135836;32,8624035;43,11382106;76,03421728;32,9687166;31,21173332;19,52772479;35,21047627;38,67273724;294,8348879;23,0486343;28,05668094;24,03521749;24,26656457;37,39990139;40,7085623;35,04957905;740,6149835;22,51466947;32,51510865;75,48495653;38,22629578;28,38520666;71,41867905;43,00030399;16,12132981;17,93668419;300,2928753;15,53390863;7,1021506;38,32884617;193,9234959;30,94366825;72,72080249;130,6427789;18,36829877;60,83250003;9,635458607;12,91189743;11,0522113;16,36746519;27,99731288;78,39246075;144,8856333;17,94744183;18,1990433;136,7639843;47,51404596;28,28208167;81,71036985;37,7444331;99,84295918;56,13244587;33,30597214;97,96217455;59,44864386;32,72955539;20,28677458;162,2636711;163,2988507;116,386799;5,956222354;23,95864456;7,179955948;15,06795425;58,20336922;34,64463476;110,4536402;81,46872623;75,15375377;84,79851671;53,47867948;32,20397873;46,50577627;18,5283869;77,18179536;64,77782175;29,62482647;8,511690805;24,22568672;5,783947215;3,137690721
01.12.2020;56,04429115;33,08344035;43,2148287;77,55034466;33,10677975;31,07071705;19,6590788;35,18610425;39,07585465;291,9685128;22,19490936;28,06728892;24,09554452;24,28195634;37,29876637;40,6305399;34,73182162;736,4905432;22,15604297;32,62768076;76,21899177;38,19993537;27,92724117;72,01140851;43,12416607;16,11607726;18,00228221;301,346012;15,54286669;7,162701543;38,23304887;195,5379716;30,93175521;72,90176732;131,1913972;18,4840659;60,65429826;9,658951131;12,6072871;11,07619611;16,43342803;28,02652883;78,25530706;144,7229398;18,25232163;18,28052427;137,011274;47,71359002;28,47881881;81,63780447;37,79227178;100,3118377;56,60995795;32,2329511;97,9198353;59,75894479;32,94867282;20,15179957;162,1997102;161,9862632;117,7361469;5,936523931;23,99225029;7,246683433;15,03192246;58,22814315;34,40363219;110,6942985;81,80633592;75,47692242;84,12083473;53,54562668;32,14955389;46,42733908;18,64504122;77,59234694;65,56998493;29,61423106;8,5145206;24,25627273;5,823408744;3,175849542
01.01.2021;53,21325046;33,6841792;40,2406452;75,9968525;29,68382335;33,29500919;18,58691936;34,34275325;38,07239869;352,1417024;23,01379616;30,10010377;25,77518747;27,00779945;37,06269646;43,99319576;37,76629323;904,8493708;21,54591025;30,93434846;58,43430754;36,91682271;30,78060325;67,52998258;39,78639299;16,27280229;17,66951826;295,1823606;15,30330793;6,369663696;43,74614322;203,1074135;28,59967727;69,64122504;133,1241539;14,50950795;73,63331681;8,854737457;16,58656084;9,950702508;16,87065372;31,81722226;73,96618245;135,7127706;16,4126477;17,69717131;141,8101271;43,38602515;27,18680492;81,71330482;34,99483332;109,1350706;53,56360735;34,32644491;97,76217903;59,46297583;32,15545044;19,98284426;162,3557482;186,0106587;104,9229815;5,468257233;25,766988;6,485108367;14,45079924;57,24307698;32,35750277;103,941752;75,2363795;72,07314808;89,12099944;52,62620368;33,15482198;47,06654298;17,75608779;75,30724564;61,77490312;28,56886003;9,538074346;27,84009136;5,168276688;4,058805584
01.02.2021;52,06544029;33,53782293;39,01010876;75,76040447;28,66554934;33,25468797;18,05106073;33,72197672;37,68117002;357,8707446;21,76931141;30,12368524;25,97022807;26,89917055;36,49326676;44,05573854;37,65450442;933,4638794;20,76949201;30,24782137;54,21818249;35,93359483;30,43222638;66,34379977;38,41883284;15,94635337;17,36160493;289,7942515;14,94107484;6,040127435;43,54896055;202,336122;27,48127704;67,06584841;132,1887118;13,65028864;74,81797471;8,629672782;16,79542596;9,439534734;16,66118507;32,29396623;70,83233486;129,6527802;15,91347031;17,3778224;141,6921139;41,73065175;26,88582457;80,18821732;33,66530194;109,396177;51,92803266;33,33606903;96,47754542;58,99295934;31,59689674;19,36216756;161,208818;189,0198167;101,4015077;5,194099352;25,72643291;6,205155094;14,03209555;56,08157338;31,08933703;100,9110972;72,33716369;70,80011468;88,95599658;52,07806218;32,75051453;45,8988501;17,40164197;74,48223044;59,85882787;28,29634429;9,682586518;28,15136158;4,953395824;4,282790247
01.03.2021;51,82834626;33,80765933;38,45467175;76,43442858;28,18786113;33,7023473;17,80153811;33,73635833;37,80668205;369,9953129;20,97808344;30,63593713;26,58135105;27,13701848;36,57833359;44,78619803;38,21492869;976,119377;20,38378363;30,05790705;50,75977353;35,57593041;30,59437924;66,30589891;37,60913313;15,89686755;17,3572772;289,6192494;14,84207179;5,803866005;44,14119929;204,1259825;26,8360006;65,57473107;133,3527601;13,08044834;76,90936471;8,575694087;17,17967168;9,071992472;16,68540379;33,16160394;68,69648351;125,608195;15,66892799;17,32812493;143,9925052;40,79036635;27,07203702;79,94236899;32,95611014;111,5328583;51,03174841;32,97448772;96,85730643;59,50307593;31,61624688;19,06857036;162,8521759;195,1115402;99,44181748;5,021293666;26,10106797;6,052204259;13,86862109;55,94808503;30,37217586;99,84453117;70,84266609;70,75724927;90,52055995;52,46306845;32,97866623;45,56388029;17,37496761;74,87609412;58,79646121;28,53094232;9,975563681;28,77869527;4,812909689;4,561395562
01.04.2021;53,39389948;35,11796618;39,21672815;79,45843375;28,7029294;35,254102;18,14743285;34,9573686;39,13659605;395,2758351;20,94487175;32,19926098;28,10125487;28,21432151;37,93735332;47,0003846;40,1302943;1052,109586;20,70916246;30,87990449;48,859933;36,44191003;31,81538839;68,56331895;37,98960292;16,39570478;17,96120011;299,757412;15,26096579;5,756001718;46,30897039;212,2776728;27,09765315;66,25274287;139,0482462;12,99770111;81,38443144;8,835848846;18,05770291;8,991216554;17,23950087;35,04602225;68,67052622;125,6092605;15,94925961;17,84891438;151,3003343;41,23015036;28,22401554;82,35706922;33,40250141;117,5274815;51,74377791;33,77908218;100,5912466;62,06713349;32,74753646;19,41508583;170,154269;207,9100883;100,7345987;5,02740244;27,36054164;6,126455514;14,18667416;57,79277008;30,69028692;102,4006607;71,87417128;73,16675043;95,43349171;54,69254729;34,39864084;46,84518576;17,97024073;77,82892465;59,63057871;29,75883369;10,60591341;30,2709011;4,826746356;4,988900682
01.05.2021;53,83257969;35,62046922;39,13419696;80,65454046;28,61334334;36,03451278;18,09476206;35,46133583;39,58534969;412,5909355;20,47388426;33,08560951;29,03126901;28,64533309;38,50067987;48,19747275;41,22446454;1106,315212;20,59394417;31,03115711;45,76505548;36,52822271;32,36692408;69,37206795;37,49414613;16,54639594;18,18972035;303,7177333;15,35818839;5,575997025;47,53393623;215,5926353;26,76470114;65,4528887;141,779642;12,64990923;84,02298497;8,917890606;18,50576782;8,699861477;17,40400177;36,13301313;67,01456951;122,7285615;15,8793109;17,97601068;155,4619158;40,76674414;28,79840033;82,97049993;33,14006157;121,072508;51,26277881;33,87786052;102,2074542;63,32530609;33,19698321;19,33600928;173,9005414;216,3894358;99,76545422;4,927325564;28,03801321;6,078461379;14,20326331;58,43718848;30,33998204;102,8672272;71,4036848;74,03187757;98,47242808;55,78845857;35,12299292;47,15289508;18,19665912;79,12639488;59,11294778;30,36502905;11,01264462;31,06258113;4,729727344;5,310619569
01.06.2021;53,59365631;35,6508581;38,55311313;80,78162811;28,16404176;36,35155431;17,80881899;35,52628714;39,51617278;424,8446303;19,74680239;33,5563276;29,59688659;28,69765787;38,58112;48,77880988;41,80878088;1146,737957;20,21829127;30,78505681;42,0363389;36,15101858;32,51171263;69,3069899;36,50047087;16,488058;18,19057487;303,9077136;15,26224391;5,322046408;48,17274568;216,0667178;26,086857;63,80103519;142,7156859;12,14625851;85,56130355;8,89065703;18,70346115;8,291644729;17,34026347;36,7445019;64,45110564;118,2215046;15,60464995;17,87079357;157,6829197;39,77856311;29,01667224;82,51710205;32,45918255;123,1041382;50,10072136;33,55275998;102,5388953;63,78771034;33,2318507;19,00794512;175,4700806;222,1684651;97,49243314;4,765219306;28,36087159;5,956481279;14,04035621;58,35293835;29,60050491;102,0645161;70,03988944;73,96503746;100,3213938;56,18942063;35,41598049;46,87245367;18,19772312;79,42323059;57,81821321;30,59122145;11,28078606;31,44124097;4,569996197;5,565273169
01.07.2021;55,13292015;36,67478669;39,66039741;83,10175792;28,97294143;37,3956076;18,32030623;36,54663792;40,6511171;437,0465964;20,31395047;34,52009916;30,44693901;29,52188354;39,68920866;50,17978648;43,00957122;1179,673427;20,79898098;31,66923468;43,24366493;37,18931228;33,44548179;71,29755653;37,5488012;16,96161165;18,71302652;312,6362495;15,70059095;5,474900947;49,55631551;222,2723718;26,83609784;65,63346524;146,8146243;12,4951113;88,01871045;9,146005664;19,24064342;8,529789126;17,83829332;37,79984104;66,30220638;121,6169454;16,05283123;18,38406078;162,2117321;40,92104355;29,85006032;84,88707642;33,391443;126,6398131;51,53966459;34,51642907;105,4839157;65,6197577;34,18630296;19,55387247;180,5097582;228,5493674;100,2925141;4,902081209;29,17542442;6,127557427;14,4436094;60,02889357;30,45066126;104,9959119;72,05150569;76,08938791;103,2027254;57,80323745;36,43316315;48,2186778;18,72038008;81,70434585;59,47881058;31,46983217;11,60478161;32,34426511;4,701251095;5,725113426
01.08.2021;55,49672974;36,91679526;39,92210735;83,6501275;29,16412728;37,6423727;18,44119776;36,78780087;40,91936457;439,9305674;20,4479976;34,74788944;30,64785143;29,71669173;39,95110872;50,51091147;43,29338159;1187,457823;20,93622872;31,87821275;43,52902004;37,43471609;33,66618091;71,76803287;37,79657719;17,07353746;18,83650953;314,699265;15,80419557;5,511028572;49,88332636;223,7390966;27,01318314;66,06656554;147,7834206;12,5775637;88,59952589;9,206358073;19,36760804;8,586075262;17,95600415;38,04927358;66,73971955;122,419468;16,1587602;18,50537301;163,2821304;41,1910722;30,04703408;85,44722692;33,61178553;127,4754804;51,87976311;34,74419513;106,1799801;66,05276754;34,41189059;19,68290402;181,700901;230,0575126;100,9543216;4,934428927;29,36794641;6,167991783;14,53891949;60,42501058;30,65159824;105,688756;72,52695717;76,59148446;103,8837367;58,18466785;36,6735773;48,53686188;18,84391161;82,24349423;59,87129772;31,67749443;11,68135892;32,55769755;4,732273581;5,762892146
01.09.2021;55,70631623;37,05621359;40,0728754;83,96603686;29,27426723;37,78453121;18,51084197;36,92673204;41,07389882;441,5919897;20,5252206;34,87911677;30,76359475;29,82891846;40,1019863;50,70166873;43,45688145;1191,942324;21,01529555;31,99860259;43,6934098;37,57609037;33,79332312;72,03906884;37,93931806;17,13801663;18,90764665;315,8877442;15,86388099;5,531841278;50,07171351;224,5840597;27,11519993;66,3160696;148,3415329;12,62506357;88,93412692;9,241126396;19,44075089;8,618501053;18,023816;38,19296878;66,99176581;122,8817919;16,21978466;18,57525958;163,8987745;41,34663257;30,16050837;85,76992312;33,73872231;127,9568987;52,07568992;34,87540851;106,5809747;66,30221949;34,54184901;19,7572376;182,3871046;230,9263376;101,3355812;4,953064072;29,47885609;6,191285547;14,59382653;60,65320899;30,76735571;106,0878955;72,80085926;76,88073646;104,2760594;58,40440549;36,81207711;48,72016404;18,91507669;82,55409136;60,097405;31,79712625;11,72547422;32,68065351;4,750145275;5,784656028
01.10.2021;54,89784768;36,51841492;39,49129577;82,74743358;28,84940833;37,23616243;18,2421932;36,39081254;40,47779128;435,1831431;20,22733705;34,37291441;30,31712116;29,39600988;39,51998417;49,96583289;42,82618956;1174,643606;20,71029952;31,53420528;43,05928516;37,0307467;33,30287894;70,99356224;37,38870285;16,88929174;18,63323903;311,3032497;15,6336477;5,45155739;49,34502024;221,3246601;26,72167568;65,35362117;146,1886449;12,44183539;87,64342151;9,107009468;19,1586063;8,493420317;17,76223546;37,63867232;66,01951097;121,0984023;15,98438612;18,30567591;161,5201034;40,74656684;29,72278741;84,52513995;33,24907055;126,0998538;51,31991283;34,36925997;105,0341597;65,33997207;34,04054143;19,47049983;179,7401115;227,5748922;99,86489286;4,881180006;29,05102798;6,101431111;14,3820256;59,77294594;30,32082754;104,5482366;71,74429676;75,7649625;102,7626957;57,55677944;36,2778216;48,01308587;18,64056124;81,35597972;59,22520837;31,33565297;11,55530183;32,20635755;4,68120618;5,700703027
01.11.2021;55,3104979;36,7929126;39,78813968;83,36942056;29,06626045;37,5160552;18,37931415;36,66435107;40,78205038;438,4542808;20,37937972;34,63128503;30,54500563;29,61697064;39,81704373;50,34141067;43,14810084;1183,47304;20,86597246;31,77123819;43,38294855;37,30909542;33,55320642;71,52719899;37,66974222;17,01624334;18,77329935;313,6432204;15,75116102;5,492535068;49,71593156;222,9882894;26,92253429;65,84486422;147,2874999;12,53535684;88,30221012;9,175464055;19,30261565;8,557262743;17,89574872;37,92159063;66,51575931;122,0086617;16,10453583;18,44327404;162,7342003;41,05284623;29,94620445;85,1604894;33,49899358;127,0477076;51,70566882;34,62760312;105,8236691;65,83111253;34,2964137;19,61685358;181,0911625;229,2855026;100,6155465;4,917870333;29,26939561;6,147293691;14,49013086;60,22224078;30,54873986;105,3340935;72,28357655;76,33446439;103,5351313;57,98941603;36,55051081;48,37398545;18,7806766;81,96750757;59,67038602;31,57119342;11,64215947;32,44844283;4,716393366;5,743553457
01.12.2021;55,1685979;36,69851977;39,68606254;83,15553492;28,99169047;37,41980713;18,33216171;36,57028807;40,67742335;437,3294191;20,32709608;34,54243789;30,46664191;29,54098781;39,71489244;50,21225894;43,03740367;1180,43682;20,81244046;31,68972855;43,27164888;37,21337832;33,46712511;71,34369477;37,57309986;16,97258789;18,72513614;312,8385634;15,71075115;5,478443878;49,58838451;222,4162092;26,85346408;65,67593812;146,9096314;12,50319717;88,07566933;9,151924248;19,25309447;8,535308943;17,84983687;37,82430216;66,34511202;121,6956465;16,06321937;18,39595751;162,316703;40,94752447;29,86937697;84,94200875;33,41305135;126,7217646;51,57301706;34,53876542;105,5521767;65,66222171;34,20842568;19,56652621;180,6265701;228,6972668;100,3574156;4,905253455;29,19430449;6,131522706;14,45295618;60,06773961;30,47036656;105,0638571;72,09813183;76,13862705;103,2695102;57,84064321;36,45673987;48,24988119;18,73249446;81,75721856;59,51730065;31,490197;11,61229132;32,36519581;4,70429338;5,728818274